#
# There is insufficient memory for the Java Runtime Environment to continue.
# Native memory allocation (malloc) failed to allocate 1187616 bytes. Error detail: Chunk::new
# Possible reasons:
#   The system is out of physical RAM or swap space
#   This process is running with CompressedOops enabled, and the Java Heap may be blocking the growth of the native heap
# Possible solutions:
#   Reduce memory load on the system
#   Increase physical memory or swap space
#   Check if swap backing store is full
#   Decrease Java heap size (-Xmx/-Xms)
#   Decrease number of Java threads
#   Decrease Java thread stack sizes (-Xss)
#   Set larger code cache with -XX:ReservedCodeCacheSize=
#   JVM is running with Unscaled Compressed Oops mode in which the Java heap is
#     placed in the first 4GB address space. The Java Heap base address is the
#     maximum limit for the native heap growth. Please use -XX:HeapBaseMinAddress
#     to set the Java Heap base and to place the Java Heap above 4GB virtual address.
# This output file may be truncated or incomplete.
#
#  Out of Memory Error (arena.cpp:168), pid=26040, tid=22240
#
# JRE version: OpenJDK Runtime Environment (21.0.9) (build 21.0.9+-14787801-b1163.94)
# Java VM: OpenJDK 64-Bit Server VM (21.0.9+-14787801-b1163.94, mixed mode, tiered, compressed oops, compressed class ptrs, g1 gc, windows-amd64)
# No core dump will be written. Minidumps are not enabled by default on client versions of Windows
#

---------------  S U M M A R Y ------------

Command Line: --add-opens=java.base/java.lang=ALL-UNNAMED --add-opens=java.base/java.lang.invoke=ALL-UNNAMED --add-opens=java.base/java.util=ALL-UNNAMED --add-opens=java.prefs/java.util.prefs=ALL-UNNAMED --add-exports=jdk.compiler/com.sun.tools.javac.api=ALL-UNNAMED --add-exports=jdk.compiler/com.sun.tools.javac.util=ALL-UNNAMED --add-opens=java.base/java.util=ALL-UNNAMED --add-opens=java.prefs/java.util.prefs=ALL-UNNAMED --add-opens=java.base/java.nio.charset=ALL-UNNAMED --add-opens=java.base/java.net=ALL-UNNAMED --add-opens=java.base/java.util.concurrent=ALL-UNNAMED --add-opens=java.base/java.util.concurrent.atomic=ALL-UNNAMED --add-opens=java.xml/javax.xml.namespace=ALL-UNNAMED --add-opens=java.base/java.time=ALL-UNNAMED -Xmx2048m -Dfile.encoding=UTF-8 -Duser.country=BR -Duser.language=pt -Duser.variant -javaagent:C:\Users\Gustavo\.gradle\wrapper\dists\gradle-9.3.1-bin\23ovyewtku6u96viwx3xl3oks\gradle-9.3.1\lib\agents\gradle-instrumentation-agent-9.3.1.jar org.gradle.launcher.daemon.bootstrap.GradleDaemon 9.3.1

Host: AMD Ryzen 7 5700G with Radeon Graphics         , 16 cores, 15G,  Windows 10 , 64 bit Build 19041 (10.0.19041.2913)
Time: Tue May 19 11:03:37 2026 Hora oficial do Brasil elapsed time: 10871.622801 seconds (0d 3h 1m 11s)

---------------  T H R E A D  ---------------

Current thread (0x0000020311a787f0):  JavaThread "C2 CompilerThread6" daemon [_thread_in_native, id=22240, stack(0x000000bf81600000,0x000000bf81700000) (1024K)]


Current CompileTask:
C2:10871622 45767       4       org.gradle.internal.instantiation.generator.AbstractClassGenerator::inspectType (602 bytes)

Stack: [0x000000bf81600000,0x000000bf81700000]
Native frames: (J=compiled Java code, j=interpreted, Vv=VM code, C=native code)
V  [jvm.dll+0x6d6c99]
V  [jvm.dll+0x866b83]
V  [jvm.dll+0x8691ae]
V  [jvm.dll+0x869893]
V  [jvm.dll+0x280776]
V  [jvm.dll+0xc07cd]
V  [jvm.dll+0xc0d03]
V  [jvm.dll+0x2f5a10]
V  [jvm.dll+0x5ff9a9]
V  [jvm.dll+0x252572]
V  [jvm.dll+0x24aeba]
V  [jvm.dll+0x24892e]
V  [jvm.dll+0x1c7344]
V  [jvm.dll+0x2581ae]
V  [jvm.dll+0x2566f6]
V  [jvm.dll+0x3f48a6]
V  [jvm.dll+0x80f118]
V  [jvm.dll+0x6d54ed]
C  [ucrtbase.dll+0x21bb2]
C  [KERNEL32.DLL+0x17614]
C  [ntdll.dll+0x526a1]


---------------  P R O C E S S  ---------------

Threads class SMR info:
_java_thread_list=0x00000203052e86a0, length=118, elements={
0x000002036d25b2b0, 0x000002030559b060, 0x00000203055a7a10, 0x00000203055b7b60,
0x00000203055c1c50, 0x00000203055c36c0, 0x00000203055c4120, 0x00000203055c4f90,
0x00000203055c7d30, 0x00000203055d5d90, 0x000002030a10cf00, 0x000002030b8fe270,
0x000002030c247da0, 0x000002030a5ae8d0, 0x000002030c3769c0, 0x000002030c3748f0,
0x000002030c376330, 0x000002030def0a30, 0x000002030def5260, 0x000002030def79c0,
0x000002030e49c9e0, 0x0000020319dffe70, 0x0000020319e046a0, 0x00000203128b4ff0,
0x000002031ab0f4d0, 0x00000203128b9af0, 0x0000020310ec80d0, 0x0000020310ec7a40,
0x0000020310ec8df0, 0x0000020311338be0, 0x0000020311337ec0, 0x0000020311338550,
0x0000020311a7be70, 0x0000020311a74aa0, 0x0000020312d43dd0, 0x0000020310e4f1a0,
0x0000020310e4e480, 0x0000020310e4f830, 0x0000020310e4d760, 0x0000020311a765e0,
0x0000020310e4d0d0, 0x0000020311a76cb0, 0x0000020310e4ddf0, 0x0000020311a77380,
0x0000020311a7a330, 0x0000020311a787f0, 0x0000020312dc0460, 0x0000020312dbfd90,
0x0000020312dc1fa0, 0x0000020312e0b980, 0x000002030fad2e20, 0x000002030fad2790,
0x000002030fad1a70, 0x000002030fad0030, 0x000002030fad2100, 0x000002031a5274e0,
0x000002031a5267c0, 0x0000020319dfafb0, 0x0000020319dfd080, 0x00000203128ba180,
0x0000020312e0a5d0, 0x000002031d6d97f0, 0x000002031d6da510, 0x000002031d6d9e80,
0x000002031d6daba0, 0x000002030fa24330, 0x000002030fa22f80, 0x000002030fa249c0,
0x000002030fa23ca0, 0x000002030fa23610, 0x000002030b94b230, 0x00000203128b42d0,
0x0000020312e0c010, 0x0000020312e0da50, 0x0000020312e0d3c0, 0x0000020312e0c6a0,
0x0000020312e0ac60, 0x0000020312e0cd30, 0x000002030fad06c0, 0x000002030fad0d50,
0x000002030fad13e0, 0x00000203130b5140, 0x00000203130b4420, 0x00000203130b4ab0,
0x00000203130b3d90, 0x000002031935d490, 0x000002031935db20, 0x0000020319360280,
0x000002031935e1b0, 0x0000020319360910, 0x000002031935e840, 0x000002031935eed0,
0x000002031935f560, 0x000002031935fbf0, 0x000002031264ce70, 0x000002031264b430,
0x000002031264d500, 0x000002031264c150, 0x000002031264db90, 0x000002031264bac0,
0x0000020319df6e10, 0x0000020319dfbcd0, 0x000002030e25dd30, 0x000002030e25e3c0,
0x000002030e25fe00, 0x000002030e25c980, 0x000002030e25d010, 0x000002030e25ea50,
0x000002030e25f770, 0x000002030e25d6a0, 0x000002030e25f0e0, 0x0000020319ab85d0,
0x0000020319ab8c60, 0x0000020319ab92f0, 0x0000020319ab7220, 0x0000020319dfb640,
0x0000020319dfa920, 0x0000020319df81c0
}

Java Threads: ( => current thread )
  0x000002036d25b2b0 JavaThread "main"                              [_thread_blocked, id=22536, stack(0x000000bffb600000,0x000000bffb700000) (1024K)]
  0x000002030559b060 JavaThread "Common-Cleaner"             daemon [_thread_blocked, id=5844, stack(0x000000bffbe00000,0x000000bffbf00000) (1024K)]
  0x00000203055a7a10 JavaThread "Reference Handler"          daemon [_thread_blocked, id=22060, stack(0x000000bffbf00000,0x000000bffc000000) (1024K)]
  0x00000203055b7b60 JavaThread "Finalizer"                  daemon [_thread_blocked, id=23564, stack(0x000000bffc000000,0x000000bffc100000) (1024K)]
  0x00000203055c1c50 JavaThread "Signal Dispatcher"          daemon [_thread_blocked, id=5100, stack(0x000000bffc100000,0x000000bffc200000) (1024K)]
  0x00000203055c36c0 JavaThread "Attach Listener"            daemon [_thread_blocked, id=1404, stack(0x000000bffc200000,0x000000bffc300000) (1024K)]
  0x00000203055c4120 JavaThread "Service Thread"             daemon [_thread_blocked, id=20488, stack(0x000000bffc300000,0x000000bffc400000) (1024K)]
  0x00000203055c4f90 JavaThread "Monitor Deflation Thread"   daemon [_thread_blocked, id=4324, stack(0x000000bffc400000,0x000000bffc500000) (1024K)]
  0x00000203055c7d30 JavaThread "C2 CompilerThread0"         daemon [_thread_blocked, id=2388, stack(0x000000bffc500000,0x000000bffc600000) (1024K)]
  0x00000203055d5d90 JavaThread "C1 CompilerThread0"         daemon [_thread_in_vm, id=25652, stack(0x000000bffc600000,0x000000bffc700000) (1024K)]
  0x000002030a10cf00 JavaThread "Notification Thread"        daemon [_thread_blocked, id=18712, stack(0x000000bffc800000,0x000000bffc900000) (1024K)]
  0x000002030b8fe270 JavaThread "Daemon health stats"               [_thread_blocked, id=10684, stack(0x000000bffd300000,0x000000bffd400000) (1024K)]
  0x000002030c247da0 JavaThread "Incoming local TCP Connector on port 50704"        [_thread_in_native, id=23112, stack(0x000000bffd400000,0x000000bffd500000) (1024K)]
  0x000002030a5ae8d0 JavaThread "Daemon periodic checks"            [_thread_blocked, id=3640, stack(0x000000bffd500000,0x000000bffd600000) (1024K)]
  0x000002030c3769c0 JavaThread "Cache worker for journal cache (C:\Users\Gustavo\.gradle\caches\journal-1)"        [_thread_blocked, id=17912, stack(0x000000bffe600000,0x000000bffe700000) (1024K)]
  0x000002030c3748f0 JavaThread "File lock request listener"        [_thread_in_native, id=9360, stack(0x000000bffe700000,0x000000bffe800000) (1024K)]
  0x000002030c376330 JavaThread "Cache worker for file hash cache (C:\Users\Gustavo\.gradle\caches\9.3.1\fileHashes)"        [_thread_blocked, id=3480, stack(0x000000bffe800000,0x000000bffe900000) (1024K)]
  0x000002030def0a30 JavaThread "File watcher server"        daemon [_thread_in_native, id=12556, stack(0x000000bffeb00000,0x000000bffec00000) (1024K)]
  0x000002030def5260 JavaThread "File watcher consumer"      daemon [_thread_blocked, id=23168, stack(0x000000bffec00000,0x000000bffed00000) (1024K)]
  0x000002030def79c0 JavaThread "Cache worker for file content cache (C:\Users\Gustavo\.gradle\caches\9.3.1\fileContent)"        [_thread_blocked, id=21348, stack(0x000000bffed00000,0x000000bffee00000) (1024K)]
  0x000002030e49c9e0 JavaThread "Memory manager"                    [_thread_blocked, id=12212, stack(0x000000bf82100000,0x000000bf82200000) (1024K)]
  0x0000020319dffe70 JavaThread "RMI Scheduler(0)"           daemon [_thread_blocked, id=27408, stack(0x000000bf85600000,0x000000bf85700000) (1024K)]
  0x0000020319e046a0 JavaThread "RMI TCP Accept-0"           daemon [_thread_in_native, id=16096, stack(0x000000bf8b600000,0x000000bf8b700000) (1024K)]
  0x00000203128b4ff0 JavaThread "RMI GC Daemon"              daemon [_thread_blocked, id=26744, stack(0x000000bf80300000,0x000000bf80400000) (1024K)]
  0x000002031ab0f4d0 JavaThread "RMI Reaper"                        [_thread_blocked, id=22080, stack(0x000000bf80600000,0x000000bf80700000) (1024K)]
  0x00000203128b9af0 JavaThread "Daemon Thread 4"                   [_thread_blocked, id=15252, stack(0x000000bf80000000,0x000000bf80100000) (1024K)]
  0x0000020310ec80d0 JavaThread "Handler for socket connection from /127.0.0.1:50704 to /127.0.0.1:58941"        [_thread_in_native, id=18360, stack(0x000000bf80100000,0x000000bf80200000) (1024K)]
  0x0000020310ec7a40 JavaThread "Cancel handler"                    [_thread_blocked, id=1444, stack(0x000000bf80200000,0x000000bf80300000) (1024K)]
  0x0000020310ec8df0 JavaThread "Daemon worker Thread 4"            [_thread_in_Java, id=14636, stack(0x000000bf80400000,0x000000bf80500000) (1024K)]
  0x0000020311338be0 JavaThread "Asynchronous log dispatcher for DefaultDaemonConnection: socket connection from /127.0.0.1:50704 to /127.0.0.1:58941"        [_thread_blocked, id=23756, stack(0x000000bf80500000,0x000000bf80600000) (1024K)]
  0x0000020311337ec0 JavaThread "Stdin handler"                     [_thread_blocked, id=10616, stack(0x000000bf80700000,0x000000bf80800000) (1024K)]
  0x0000020311338550 JavaThread "Daemon client event forwarder"        [_thread_blocked, id=19176, stack(0x000000bf80800000,0x000000bf80900000) (1024K)]
  0x0000020311a7be70 JavaThread "C2 CompilerThread1"         daemon [_thread_blocked, id=10656, stack(0x000000bf80900000,0x000000bf80a00000) (1024K)]
  0x0000020311a74aa0 JavaThread "C2 CompilerThread2"         daemon [_thread_blocked, id=13856, stack(0x000000bf80a00000,0x000000bf80b00000) (1024K)]
  0x0000020312d43dd0 JavaThread "Cache worker for file hash cache (E:\KRONO\krono\.gradle\9.3.1\fileHashes)"        [_thread_blocked, id=8968, stack(0x000000bf80b00000,0x000000bf80c00000) (1024K)]
  0x0000020310e4f1a0 JavaThread "Cache worker for Build Output Cleanup Cache (E:\KRONO\krono\.gradle\buildOutputCleanup)"        [_thread_blocked, id=2060, stack(0x000000bf80c00000,0x000000bf80d00000) (1024K)]
  0x0000020310e4e480 JavaThread "Cache worker for checksums cache (E:\KRONO\krono\.gradle\9.3.1\checksums)"        [_thread_blocked, id=18980, stack(0x000000bf80d00000,0x000000bf80e00000) (1024K)]
  0x0000020310e4f830 JavaThread "Cache worker for cache directory md-supplier (C:\Users\Gustavo\.gradle\caches\9.3.1\md-supplier)"        [_thread_blocked, id=12540, stack(0x000000bf80e00000,0x000000bf80f00000) (1024K)]
  0x0000020310e4d760 JavaThread "Cache worker for cache directory md-rule (C:\Users\Gustavo\.gradle\caches\9.3.1\md-rule)"        [_thread_blocked, id=2156, stack(0x000000bf80f00000,0x000000bf81000000) (1024K)]
  0x0000020311a765e0 JavaThread "C2 CompilerThread3"         daemon [_thread_blocked, id=12356, stack(0x000000bf81000000,0x000000bf81100000) (1024K)]
  0x0000020310e4d0d0 JavaThread "jar transforms"                    [_thread_blocked, id=25888, stack(0x000000bf81100000,0x000000bf81200000) (1024K)]
  0x0000020311a76cb0 JavaThread "C2 CompilerThread4"         daemon [_thread_blocked, id=12948, stack(0x000000bf81200000,0x000000bf81300000) (1024K)]
  0x0000020310e4ddf0 JavaThread "jar transforms Thread 2"           [_thread_blocked, id=22916, stack(0x000000bf81300000,0x000000bf81400000) (1024K)]
  0x0000020311a77380 JavaThread "C2 CompilerThread5"         daemon [_thread_blocked, id=4908, stack(0x000000bf81400000,0x000000bf81500000) (1024K)]
  0x0000020311a7a330 JavaThread "C1 CompilerThread1"         daemon [_thread_in_vm, id=7584, stack(0x000000bf81500000,0x000000bf81600000) (1024K)]
=>0x0000020311a787f0 JavaThread "C2 CompilerThread6"         daemon [_thread_in_native, id=22240, stack(0x000000bf81600000,0x000000bf81700000) (1024K)]
  0x0000020312dc0460 JavaThread "C2 CompilerThread7"         daemon [_thread_in_native, id=20620, stack(0x000000bf81700000,0x000000bf81800000) (1024K)]
  0x0000020312dbfd90 JavaThread "C1 CompilerThread2"         daemon [_thread_in_native, id=25520, stack(0x000000bf81800000,0x000000bf81900000) (1024K)]
  0x0000020312dc1fa0 JavaThread "C1 CompilerThread3"         daemon [_thread_in_vm, id=3064, stack(0x000000bf81900000,0x000000bf81a00000) (1024K)]
  0x0000020312e0b980 JavaThread "jar transforms Thread 3"           [_thread_blocked, id=1124, stack(0x000000bf81a00000,0x000000bf81b00000) (1024K)]
  0x000002030fad2e20 JavaThread "Unconstrained build operations"        [_thread_blocked, id=5324, stack(0x000000bf81b00000,0x000000bf81c00000) (1024K)]
  0x000002030fad2790 JavaThread "Unconstrained build operations Thread 2"        [_thread_blocked, id=14844, stack(0x000000bf81c00000,0x000000bf81d00000) (1024K)]
  0x000002030fad1a70 JavaThread "Unconstrained build operations Thread 3"        [_thread_blocked, id=15936, stack(0x000000bf81d00000,0x000000bf81e00000) (1024K)]
  0x000002030fad0030 JavaThread "Unconstrained build operations Thread 4"        [_thread_blocked, id=16416, stack(0x000000bf81e00000,0x000000bf81f00000) (1024K)]
  0x000002030fad2100 JavaThread "Unconstrained build operations Thread 5"        [_thread_blocked, id=18172, stack(0x000000bf81f00000,0x000000bf82000000) (1024K)]
  0x000002031a5274e0 JavaThread "Unconstrained build operations Thread 6"        [_thread_blocked, id=1028, stack(0x000000bf82000000,0x000000bf82100000) (1024K)]
  0x000002031a5267c0 JavaThread "Unconstrained build operations Thread 7"        [_thread_blocked, id=26620, stack(0x000000bf82200000,0x000000bf82300000) (1024K)]
  0x0000020319dfafb0 JavaThread "Unconstrained build operations Thread 8"        [_thread_blocked, id=10696, stack(0x000000bf82300000,0x000000bf82400000) (1024K)]
  0x0000020319dfd080 JavaThread "Unconstrained build operations Thread 9"        [_thread_blocked, id=16628, stack(0x000000bf82400000,0x000000bf82500000) (1024K)]
  0x00000203128ba180 JavaThread "Unconstrained build operations Thread 10"        [_thread_blocked, id=17016, stack(0x000000bf82500000,0x000000bf82600000) (1024K)]
  0x0000020312e0a5d0 JavaThread "Unconstrained build operations Thread 11"        [_thread_blocked, id=9376, stack(0x000000bf82600000,0x000000bf82700000) (1024K)]
  0x000002031d6d97f0 JavaThread "Unconstrained build operations Thread 12"        [_thread_blocked, id=2320, stack(0x000000bf82700000,0x000000bf82800000) (1024K)]
  0x000002031d6da510 JavaThread "Unconstrained build operations Thread 13"        [_thread_blocked, id=10252, stack(0x000000bf82800000,0x000000bf82900000) (1024K)]
  0x000002031d6d9e80 JavaThread "Unconstrained build operations Thread 14"        [_thread_blocked, id=7668, stack(0x000000bf82900000,0x000000bf82a00000) (1024K)]
  0x000002031d6daba0 JavaThread "Unconstrained build operations Thread 15"        [_thread_blocked, id=15812, stack(0x000000bf82a00000,0x000000bf82b00000) (1024K)]
  0x000002030fa24330 JavaThread "Unconstrained build operations Thread 16"        [_thread_blocked, id=10276, stack(0x000000bf82b00000,0x000000bf82c00000) (1024K)]
  0x000002030fa22f80 JavaThread "Unconstrained build operations Thread 17"        [_thread_blocked, id=3180, stack(0x000000bf82c00000,0x000000bf82d00000) (1024K)]
  0x000002030fa249c0 JavaThread "Unconstrained build operations Thread 18"        [_thread_blocked, id=2120, stack(0x000000bf82d00000,0x000000bf82e00000) (1024K)]
  0x000002030fa23ca0 JavaThread "Unconstrained build operations Thread 19"        [_thread_blocked, id=20316, stack(0x000000bf82e00000,0x000000bf82f00000) (1024K)]
  0x000002030fa23610 JavaThread "Unconstrained build operations Thread 20"        [_thread_blocked, id=13400, stack(0x000000bf82f00000,0x000000bf83000000) (1024K)]
  0x000002030b94b230 JavaThread "jar transforms Thread 4"           [_thread_blocked, id=25664, stack(0x000000bf83000000,0x000000bf83100000) (1024K)]
  0x00000203128b42d0 JavaThread "jar transforms Thread 5"           [_thread_blocked, id=6472, stack(0x000000bf83100000,0x000000bf83200000) (1024K)]
  0x0000020312e0c010 JavaThread "Unconstrained build operations Thread 21"        [_thread_blocked, id=19668, stack(0x000000bf83200000,0x000000bf83300000) (1024K)]
  0x0000020312e0da50 JavaThread "Unconstrained build operations Thread 22"        [_thread_blocked, id=4260, stack(0x000000bf83300000,0x000000bf83400000) (1024K)]
  0x0000020312e0d3c0 JavaThread "Unconstrained build operations Thread 23"        [_thread_blocked, id=10940, stack(0x000000bf83400000,0x000000bf83500000) (1024K)]
  0x0000020312e0c6a0 JavaThread "Unconstrained build operations Thread 24"        [_thread_blocked, id=17336, stack(0x000000bf83500000,0x000000bf83600000) (1024K)]
  0x0000020312e0ac60 JavaThread "Unconstrained build operations Thread 25"        [_thread_blocked, id=4000, stack(0x000000bf83600000,0x000000bf83700000) (1024K)]
  0x0000020312e0cd30 JavaThread "Unconstrained build operations Thread 26"        [_thread_blocked, id=15660, stack(0x000000bf83700000,0x000000bf83800000) (1024K)]
  0x000002030fad06c0 JavaThread "Unconstrained build operations Thread 27"        [_thread_blocked, id=19384, stack(0x000000bf83800000,0x000000bf83900000) (1024K)]
  0x000002030fad0d50 JavaThread "Unconstrained build operations Thread 28"        [_thread_blocked, id=12776, stack(0x000000bf83900000,0x000000bf83a00000) (1024K)]
  0x000002030fad13e0 JavaThread "Unconstrained build operations Thread 29"        [_thread_blocked, id=14040, stack(0x000000bf83a00000,0x000000bf83b00000) (1024K)]
  0x00000203130b5140 JavaThread "Unconstrained build operations Thread 30"        [_thread_blocked, id=21188, stack(0x000000bf83b00000,0x000000bf83c00000) (1024K)]
  0x00000203130b4420 JavaThread "jar transforms Thread 6"           [_thread_blocked, id=7424, stack(0x000000bf83c00000,0x000000bf83d00000) (1024K)]
  0x00000203130b4ab0 JavaThread "jar transforms Thread 7"           [_thread_blocked, id=26540, stack(0x000000bf83d00000,0x000000bf83e00000) (1024K)]
  0x00000203130b3d90 JavaThread "jar transforms Thread 8"           [_thread_blocked, id=20432, stack(0x000000bf83e00000,0x000000bf83f00000) (1024K)]
  0x000002031935d490 JavaThread "Unconstrained build operations Thread 31"        [_thread_blocked, id=3092, stack(0x000000bf83f00000,0x000000bf84000000) (1024K)]
  0x000002031935db20 JavaThread "Unconstrained build operations Thread 32"        [_thread_blocked, id=22324, stack(0x000000bf84000000,0x000000bf84100000) (1024K)]
  0x0000020319360280 JavaThread "Unconstrained build operations Thread 33"        [_thread_blocked, id=22384, stack(0x000000bf84100000,0x000000bf84200000) (1024K)]
  0x000002031935e1b0 JavaThread "Unconstrained build operations Thread 34"        [_thread_blocked, id=9192, stack(0x000000bf84200000,0x000000bf84300000) (1024K)]
  0x0000020319360910 JavaThread "Unconstrained build operations Thread 35"        [_thread_blocked, id=9072, stack(0x000000bf84300000,0x000000bf84400000) (1024K)]
  0x000002031935e840 JavaThread "Unconstrained build operations Thread 36"        [_thread_blocked, id=22904, stack(0x000000bf84400000,0x000000bf84500000) (1024K)]
  0x000002031935eed0 JavaThread "Unconstrained build operations Thread 37"        [_thread_blocked, id=7856, stack(0x000000bf84500000,0x000000bf84600000) (1024K)]
  0x000002031935f560 JavaThread "Unconstrained build operations Thread 38"        [_thread_blocked, id=22132, stack(0x000000bf84600000,0x000000bf84700000) (1024K)]
  0x000002031935fbf0 JavaThread "Unconstrained build operations Thread 39"        [_thread_blocked, id=22444, stack(0x000000bf84700000,0x000000bf84800000) (1024K)]
  0x000002031264ce70 JavaThread "Unconstrained build operations Thread 40"        [_thread_blocked, id=25580, stack(0x000000bf84800000,0x000000bf84900000) (1024K)]
  0x000002031264b430 JavaThread "Unconstrained build operations Thread 41"        [_thread_blocked, id=24160, stack(0x000000bf84900000,0x000000bf84a00000) (1024K)]
  0x000002031264d500 JavaThread "Unconstrained build operations Thread 42"        [_thread_blocked, id=10868, stack(0x000000bf84a00000,0x000000bf84b00000) (1024K)]
  0x000002031264c150 JavaThread "Unconstrained build operations Thread 43"        [_thread_blocked, id=22732, stack(0x000000bf84b00000,0x000000bf84c00000) (1024K)]
  0x000002031264db90 JavaThread "Unconstrained build operations Thread 44"        [_thread_blocked, id=4104, stack(0x000000bf84c00000,0x000000bf84d00000) (1024K)]
  0x000002031264bac0 JavaThread "Unconstrained build operations Thread 45"        [_thread_blocked, id=14704, stack(0x000000bf84d00000,0x000000bf84e00000) (1024K)]
  0x0000020319df6e10 JavaThread "Unconstrained build operations Thread 46"        [_thread_blocked, id=4176, stack(0x000000bf84e00000,0x000000bf84f00000) (1024K)]
  0x0000020319dfbcd0 JavaThread "Unconstrained build operations Thread 47"        [_thread_blocked, id=11500, stack(0x000000bf84f00000,0x000000bf85000000) (1024K)]
  0x000002030e25dd30 JavaThread "Unconstrained build operations Thread 48"        [_thread_blocked, id=11708, stack(0x000000bf85000000,0x000000bf85100000) (1024K)]
  0x000002030e25e3c0 JavaThread "Unconstrained build operations Thread 49"        [_thread_blocked, id=6948, stack(0x000000bf85100000,0x000000bf85200000) (1024K)]
  0x000002030e25fe00 JavaThread "Unconstrained build operations Thread 50"        [_thread_blocked, id=2552, stack(0x000000bf85200000,0x000000bf85300000) (1024K)]
  0x000002030e25c980 JavaThread "Unconstrained build operations Thread 51"        [_thread_blocked, id=27056, stack(0x000000bf85300000,0x000000bf85400000) (1024K)]
  0x000002030e25d010 JavaThread "Unconstrained build operations Thread 52"        [_thread_blocked, id=1328, stack(0x000000bf85400000,0x000000bf85500000) (1024K)]
  0x000002030e25ea50 JavaThread "Unconstrained build operations Thread 53"        [_thread_blocked, id=17192, stack(0x000000bf85500000,0x000000bf85600000) (1024K)]
  0x000002030e25f770 JavaThread "Unconstrained build operations Thread 54"        [_thread_blocked, id=22752, stack(0x000000bf85700000,0x000000bf85800000) (1024K)]
  0x000002030e25d6a0 JavaThread "Unconstrained build operations Thread 55"        [_thread_blocked, id=4808, stack(0x000000bf85800000,0x000000bf85900000) (1024K)]
  0x000002030e25f0e0 JavaThread "Unconstrained build operations Thread 56"        [_thread_blocked, id=15024, stack(0x000000bf85900000,0x000000bf85a00000) (1024K)]
  0x0000020319ab85d0 JavaThread "Unconstrained build operations Thread 57"        [_thread_blocked, id=3428, stack(0x000000bf85a00000,0x000000bf85b00000) (1024K)]
  0x0000020319ab8c60 JavaThread "Unconstrained build operations Thread 58"        [_thread_blocked, id=5016, stack(0x000000bf85b00000,0x000000bf85c00000) (1024K)]
  0x0000020319ab92f0 JavaThread "Unconstrained build operations Thread 59"        [_thread_blocked, id=16076, stack(0x000000bf85c00000,0x000000bf85d00000) (1024K)]
  0x0000020319ab7220 JavaThread "Unconstrained build operations Thread 60"        [_thread_blocked, id=18444, stack(0x000000bf85d00000,0x000000bf85e00000) (1024K)]
  0x0000020319dfb640 JavaThread "Problems report writer"            [_thread_blocked, id=11608, stack(0x000000bf85e00000,0x000000bf85f00000) (1024K)]
  0x0000020319dfa920 JavaThread "build event listener"              [_thread_blocked, id=1420, stack(0x000000bf85f00000,0x000000bf86000000) (1024K)]
  0x0000020319df81c0 JavaThread "build event listener"              [_thread_blocked, id=12024, stack(0x000000bf86000000,0x000000bf86100000) (1024K)]
Total: 118

Other Threads:
  0x000002030549e860 VMThread "VM Thread"                           [id=25720, stack(0x000000bffbd00000,0x000000bffbe00000) (1024K)]
  0x0000020305520b10 WatcherThread "VM Periodic Task Thread"        [id=2208, stack(0x000000bffbc00000,0x000000bffbd00000) (1024K)]
  0x000002036d2b4d30 WorkerThread "GC Thread#0"                     [id=15952, stack(0x000000bffb700000,0x000000bffb800000) (1024K)]
  0x000002030a6d0d80 WorkerThread "GC Thread#1"                     [id=12432, stack(0x000000bffcb00000,0x000000bffcc00000) (1024K)]
  0x000002030a5bbb90 WorkerThread "GC Thread#2"                     [id=19944, stack(0x000000bffcc00000,0x000000bffcd00000) (1024K)]
  0x000002030a45d040 WorkerThread "GC Thread#3"                     [id=8116, stack(0x000000bffcd00000,0x000000bffce00000) (1024K)]
  0x000002030a45d9f0 WorkerThread "GC Thread#4"                     [id=2580, stack(0x000000bffce00000,0x000000bffcf00000) (1024K)]
  0x000002030a59e0a0 WorkerThread "GC Thread#5"                     [id=25488, stack(0x000000bffcf00000,0x000000bffd000000) (1024K)]
  0x000002030ae233d0 WorkerThread "GC Thread#6"                     [id=12912, stack(0x000000bffd800000,0x000000bffd900000) (1024K)]
  0x000002030ae24250 WorkerThread "GC Thread#7"                     [id=18072, stack(0x000000bffd900000,0x000000bffda00000) (1024K)]
  0x000002030ae23eb0 WorkerThread "GC Thread#8"                     [id=27388, stack(0x000000bffda00000,0x000000bffdb00000) (1024K)]
  0x000002030ae23770 WorkerThread "GC Thread#9"                     [id=14180, stack(0x000000bffdb00000,0x000000bffdc00000) (1024K)]
  0x000002030c45fa40 WorkerThread "GC Thread#10"                    [id=1560, stack(0x000000bffdc00000,0x000000bffdd00000) (1024K)]
  0x000002030c45e820 WorkerThread "GC Thread#11"                    [id=7244, stack(0x000000bffdd00000,0x000000bffde00000) (1024K)]
  0x000002030c45ebc0 WorkerThread "GC Thread#12"                    [id=26128, stack(0x000000bffde00000,0x000000bffdf00000) (1024K)]
  0x000002036d2c5d90 ConcurrentGCThread "G1 Main Marker"            [id=23412, stack(0x000000bffb800000,0x000000bffb900000) (1024K)]
  0x000002036d2c67a0 WorkerThread "G1 Conc#0"                       [id=18368, stack(0x000000bffb900000,0x000000bffba00000) (1024K)]
  0x000002030c45f300 WorkerThread "G1 Conc#1"                       [id=15516, stack(0x000000bffdf00000,0x000000bffe000000) (1024K)]
  0x000002030c45fde0 WorkerThread "G1 Conc#2"                       [id=25604, stack(0x000000bffe000000,0x000000bffe100000) (1024K)]
  0x000002030538ef70 ConcurrentGCThread "G1 Refine#0"               [id=1848, stack(0x000000bffba00000,0x000000bffbb00000) (1024K)]
  0x000002030538f8f0 ConcurrentGCThread "G1 Service"                [id=14364, stack(0x000000bffbb00000,0x000000bffbc00000) (1024K)]
Total: 21

Threads with active compile tasks:
C2 CompilerThread6  10871667 45767       4       org.gradle.internal.instantiation.generator.AbstractClassGenerator::inspectType (602 bytes)
C2 CompilerThread7  10871667 45925   !   4       org.gradle.internal.classloader.VisitableURLClassLoader$InstrumentingVisitableURLClassLoader::findClass (36 bytes)
Total: 2

VM state: not at safepoint (normal execution)

VM Mutex/Monitor currently owned by a thread: None

Heap address: 0x0000000080000000, size: 2048 MB, Compressed Oops mode: 32-bit

CDS archive(s) not mapped
Compressed class space mapped at: 0x0000000100000000-0x0000000140000000, reserved size: 1073741824
Narrow klass base: 0x0000000000000000, Narrow klass shift: 3, Narrow klass range: 0x140000000

GC Precious Log:
 CardTable entry size: 512
 Card Set container configuration: InlinePtr #cards 5 size 8 Array Of Cards #cards 12 size 40 Howl #buckets 4 coarsen threshold 1843 Howl Bitmap #cards 512 size 80 coarsen threshold 460 Card regions per heap region 1 cards per card region 2048
 CPUs: 16 total, 16 available
 Memory: 16173M
 Large Page Support: Disabled
 NUMA Support: Disabled
 Compressed Oops: Enabled (32-bit)
 Heap Region Size: 1M
 Heap Min Capacity: 8M
 Heap Initial Capacity: 254M
 Heap Max Capacity: 2G
 Pre-touch: Disabled
 Parallel Workers: 13
 Concurrent Workers: 3
 Concurrent Refinement Workers: 13
 Periodic GC: Disabled

Heap:
 garbage-first heap   total 430080K, used 351490K [0x0000000080000000, 0x0000000100000000)
  region size 1024K, 219 young (224256K), 19 survivors (19456K)
 Metaspace       used 137805K, committed 139648K, reserved 1179648K
  class space    used 18457K, committed 19584K, reserved 1048576K

Heap Regions: E=young(eden), S=young(survivor), O=old, HS=humongous(starts), HC=humongous(continues), CS=collection set, F=free, TAMS=top-at-mark-start, PB=parsable bottom
|   0|0x0000000080000000, 0x0000000080100000, 0x0000000080100000|100%|HS|  |TAMS 0x0000000080000000| PB 0x0000000080000000| Complete 
|   1|0x0000000080100000, 0x0000000080200000, 0x0000000080200000|100%|HC|  |TAMS 0x0000000080100000| PB 0x0000000080100000| Complete 
|   2|0x0000000080200000, 0x0000000080300000, 0x0000000080300000|100%|HC|  |TAMS 0x0000000080200000| PB 0x0000000080200000| Complete 
|   3|0x0000000080300000, 0x0000000080400000, 0x0000000080400000|100%|HC|  |TAMS 0x0000000080300000| PB 0x0000000080300000| Complete 
|   4|0x0000000080400000, 0x0000000080500000, 0x0000000080500000|100%| O|  |TAMS 0x0000000080400000| PB 0x0000000080400000| Untracked 
|   5|0x0000000080500000, 0x0000000080600000, 0x0000000080600000|100%| O|  |TAMS 0x0000000080500000| PB 0x0000000080500000| Untracked 
|   6|0x0000000080600000, 0x0000000080700000, 0x0000000080700000|100%| O|  |TAMS 0x0000000080600000| PB 0x0000000080600000| Untracked 
|   7|0x0000000080700000, 0x0000000080800000, 0x0000000080800000|100%|HS|  |TAMS 0x0000000080700000| PB 0x0000000080700000| Complete 
|   8|0x0000000080800000, 0x0000000080900000, 0x0000000080900000|100%| O|  |TAMS 0x0000000080800000| PB 0x0000000080800000| Untracked 
|   9|0x0000000080900000, 0x0000000080a00000, 0x0000000080a00000|100%| O|  |TAMS 0x0000000080900000| PB 0x0000000080900000| Untracked 
|  10|0x0000000080a00000, 0x0000000080b00000, 0x0000000080b00000|100%| O|  |TAMS 0x0000000080a00000| PB 0x0000000080a00000| Untracked 
|  11|0x0000000080b00000, 0x0000000080c00000, 0x0000000080c00000|100%| O|  |TAMS 0x0000000080b00000| PB 0x0000000080b00000| Untracked 
|  12|0x0000000080c00000, 0x0000000080d00000, 0x0000000080d00000|100%| O|  |TAMS 0x0000000080c00000| PB 0x0000000080c00000| Untracked 
|  13|0x0000000080d00000, 0x0000000080e00000, 0x0000000080e00000|100%| O|  |TAMS 0x0000000080d00000| PB 0x0000000080d00000| Untracked 
|  14|0x0000000080e00000, 0x0000000080f00000, 0x0000000080f00000|100%| O|  |TAMS 0x0000000080e00000| PB 0x0000000080e00000| Untracked 
|  15|0x0000000080f00000, 0x0000000081000000, 0x0000000081000000|100%| O|  |TAMS 0x0000000080f00000| PB 0x0000000080f00000| Untracked 
|  16|0x0000000081000000, 0x0000000081100000, 0x0000000081100000|100%| O|  |TAMS 0x0000000081000000| PB 0x0000000081000000| Untracked 
|  17|0x0000000081100000, 0x0000000081200000, 0x0000000081200000|100%| O|  |TAMS 0x0000000081100000| PB 0x0000000081100000| Untracked 
|  18|0x0000000081200000, 0x0000000081300000, 0x0000000081300000|100%| O|  |TAMS 0x0000000081200000| PB 0x0000000081200000| Untracked 
|  19|0x0000000081300000, 0x0000000081400000, 0x0000000081400000|100%| O|  |TAMS 0x0000000081300000| PB 0x0000000081300000| Untracked 
|  20|0x0000000081400000, 0x0000000081500000, 0x0000000081500000|100%| O|  |TAMS 0x0000000081400000| PB 0x0000000081400000| Untracked 
|  21|0x0000000081500000, 0x0000000081600000, 0x0000000081600000|100%| O|Cm|TAMS 0x0000000081500000| PB 0x0000000081500000| Complete 
|  22|0x0000000081600000, 0x0000000081700000, 0x0000000081700000|100%| O|Cm|TAMS 0x0000000081600000| PB 0x0000000081600000| Complete 
|  23|0x0000000081700000, 0x0000000081800000, 0x0000000081800000|100%| O|  |TAMS 0x0000000081700000| PB 0x0000000081700000| Untracked 
|  24|0x0000000081800000, 0x0000000081900000, 0x0000000081900000|100%| O|  |TAMS 0x0000000081800000| PB 0x0000000081800000| Untracked 
|  25|0x0000000081900000, 0x0000000081a00000, 0x0000000081a00000|100%| O|  |TAMS 0x0000000081900000| PB 0x0000000081900000| Untracked 
|  26|0x0000000081a00000, 0x0000000081b00000, 0x0000000081b00000|100%| O|  |TAMS 0x0000000081a00000| PB 0x0000000081a00000| Untracked 
|  27|0x0000000081b00000, 0x0000000081c00000, 0x0000000081c00000|100%| O|  |TAMS 0x0000000081b00000| PB 0x0000000081b00000| Untracked 
|  28|0x0000000081c00000, 0x0000000081d00000, 0x0000000081d00000|100%| O|  |TAMS 0x0000000081c00000| PB 0x0000000081c00000| Untracked 
|  29|0x0000000081d00000, 0x0000000081e00000, 0x0000000081e00000|100%|HS|  |TAMS 0x0000000081d00000| PB 0x0000000081d00000| Complete 
|  30|0x0000000081e00000, 0x0000000081f00000, 0x0000000081f00000|100%| O|  |TAMS 0x0000000081e00000| PB 0x0000000081e00000| Untracked 
|  31|0x0000000081f00000, 0x0000000082000000, 0x0000000082000000|100%| O|  |TAMS 0x0000000081f00000| PB 0x0000000081f00000| Untracked 
|  32|0x0000000082000000, 0x0000000082100000, 0x0000000082100000|100%| O|  |TAMS 0x0000000082000000| PB 0x0000000082000000| Untracked 
|  33|0x0000000082100000, 0x0000000082200000, 0x0000000082200000|100%| O|  |TAMS 0x0000000082100000| PB 0x0000000082100000| Untracked 
|  34|0x0000000082200000, 0x0000000082300000, 0x0000000082300000|100%| O|  |TAMS 0x0000000082200000| PB 0x0000000082200000| Untracked 
|  35|0x0000000082300000, 0x0000000082400000, 0x0000000082400000|100%| O|  |TAMS 0x0000000082300000| PB 0x0000000082300000| Untracked 
|  36|0x0000000082400000, 0x0000000082500000, 0x0000000082500000|100%| O|  |TAMS 0x0000000082400000| PB 0x0000000082400000| Untracked 
|  37|0x0000000082500000, 0x0000000082600000, 0x0000000082600000|100%| O|Cm|TAMS 0x0000000082500000| PB 0x0000000082500000| Complete 
|  38|0x0000000082600000, 0x0000000082700000, 0x0000000082700000|100%| O|  |TAMS 0x0000000082600000| PB 0x0000000082600000| Untracked 
|  39|0x0000000082700000, 0x0000000082800000, 0x0000000082800000|100%| O|  |TAMS 0x0000000082700000| PB 0x0000000082700000| Untracked 
|  40|0x0000000082800000, 0x0000000082900000, 0x0000000082900000|100%| O|  |TAMS 0x0000000082800000| PB 0x0000000082800000| Untracked 
|  41|0x0000000082900000, 0x0000000082a00000, 0x0000000082a00000|100%|HS|  |TAMS 0x0000000082900000| PB 0x0000000082900000| Complete 
|  42|0x0000000082a00000, 0x0000000082b00000, 0x0000000082b00000|100%|HS|  |TAMS 0x0000000082a00000| PB 0x0000000082a00000| Complete 
|  43|0x0000000082b00000, 0x0000000082c00000, 0x0000000082c00000|100%|HC|  |TAMS 0x0000000082b00000| PB 0x0000000082b00000| Complete 
|  44|0x0000000082c00000, 0x0000000082d00000, 0x0000000082d00000|100%|HC|  |TAMS 0x0000000082c00000| PB 0x0000000082c00000| Complete 
|  45|0x0000000082d00000, 0x0000000082e00000, 0x0000000082e00000|100%|HS|  |TAMS 0x0000000082d00000| PB 0x0000000082d00000| Complete 
|  46|0x0000000082e00000, 0x0000000082f00000, 0x0000000082f00000|100%|HC|  |TAMS 0x0000000082e00000| PB 0x0000000082e00000| Complete 
|  47|0x0000000082f00000, 0x0000000083000000, 0x0000000083000000|100%|HC|  |TAMS 0x0000000082f00000| PB 0x0000000082f00000| Complete 
|  48|0x0000000083000000, 0x0000000083100000, 0x0000000083100000|100%|HS|  |TAMS 0x0000000083000000| PB 0x0000000083000000| Complete 
|  49|0x0000000083100000, 0x0000000083200000, 0x0000000083200000|100%|HS|  |TAMS 0x0000000083100000| PB 0x0000000083100000| Complete 
|  50|0x0000000083200000, 0x0000000083300000, 0x0000000083300000|100%| O|  |TAMS 0x0000000083200000| PB 0x0000000083200000| Untracked 
|  51|0x0000000083300000, 0x0000000083400000, 0x0000000083400000|100%|HS|  |TAMS 0x0000000083300000| PB 0x0000000083300000| Complete 
|  52|0x0000000083400000, 0x0000000083500000, 0x0000000083500000|100%|HS|  |TAMS 0x0000000083400000| PB 0x0000000083400000| Complete 
|  53|0x0000000083500000, 0x0000000083600000, 0x0000000083600000|100%| O|  |TAMS 0x0000000083500000| PB 0x0000000083500000| Untracked 
|  54|0x0000000083600000, 0x0000000083700000, 0x0000000083700000|100%| O|  |TAMS 0x0000000083600000| PB 0x0000000083600000| Untracked 
|  55|0x0000000083700000, 0x0000000083800000, 0x0000000083800000|100%|HS|  |TAMS 0x0000000083700000| PB 0x0000000083700000| Complete 
|  56|0x0000000083800000, 0x0000000083900000, 0x0000000083900000|100%| O|  |TAMS 0x0000000083800000| PB 0x0000000083800000| Untracked 
|  57|0x0000000083900000, 0x0000000083a00000, 0x0000000083a00000|100%| O|  |TAMS 0x0000000083900000| PB 0x0000000083900000| Untracked 
|  58|0x0000000083a00000, 0x0000000083b00000, 0x0000000083b00000|100%| O|  |TAMS 0x0000000083a00000| PB 0x0000000083a00000| Untracked 
|  59|0x0000000083b00000, 0x0000000083c00000, 0x0000000083c00000|100%| O|  |TAMS 0x0000000083b00000| PB 0x0000000083b00000| Untracked 
|  60|0x0000000083c00000, 0x0000000083d00000, 0x0000000083d00000|100%| O|  |TAMS 0x0000000083c00000| PB 0x0000000083c00000| Untracked 
|  61|0x0000000083d00000, 0x0000000083e00000, 0x0000000083e00000|100%|HS|  |TAMS 0x0000000083d00000| PB 0x0000000083d00000| Complete 
|  62|0x0000000083e00000, 0x0000000083f00000, 0x0000000083f00000|100%| O|  |TAMS 0x0000000083e00000| PB 0x0000000083e00000| Untracked 
|  63|0x0000000083f00000, 0x0000000084000000, 0x0000000084000000|100%| O|  |TAMS 0x0000000083f00000| PB 0x0000000083f00000| Untracked 
|  64|0x0000000084000000, 0x0000000084100000, 0x0000000084100000|100%| O|  |TAMS 0x0000000084000000| PB 0x0000000084000000| Untracked 
|  65|0x0000000084100000, 0x0000000084200000, 0x0000000084200000|100%| O|  |TAMS 0x0000000084100000| PB 0x0000000084100000| Untracked 
|  66|0x0000000084200000, 0x0000000084300000, 0x0000000084300000|100%| O|  |TAMS 0x0000000084200000| PB 0x0000000084200000| Untracked 
|  67|0x0000000084300000, 0x0000000084400000, 0x0000000084400000|100%| O|  |TAMS 0x0000000084300000| PB 0x0000000084300000| Untracked 
|  68|0x0000000084400000, 0x0000000084500000, 0x0000000084500000|100%| O|  |TAMS 0x0000000084400000| PB 0x0000000084400000| Untracked 
|  69|0x0000000084500000, 0x0000000084600000, 0x0000000084600000|100%| O|  |TAMS 0x0000000084500000| PB 0x0000000084500000| Untracked 
|  70|0x0000000084600000, 0x0000000084700000, 0x0000000084700000|100%| O|  |TAMS 0x0000000084600000| PB 0x0000000084600000| Untracked 
|  71|0x0000000084700000, 0x0000000084800000, 0x0000000084800000|100%| O|  |TAMS 0x0000000084700000| PB 0x0000000084700000| Untracked 
|  72|0x0000000084800000, 0x0000000084900000, 0x0000000084900000|100%| O|  |TAMS 0x0000000084800000| PB 0x0000000084800000| Untracked 
|  73|0x0000000084900000, 0x0000000084a00000, 0x0000000084a00000|100%| O|  |TAMS 0x0000000084900000| PB 0x0000000084900000| Untracked 
|  74|0x0000000084a00000, 0x0000000084b00000, 0x0000000084b00000|100%| O|  |TAMS 0x0000000084a00000| PB 0x0000000084a00000| Untracked 
|  75|0x0000000084b00000, 0x0000000084c00000, 0x0000000084c00000|100%| O|  |TAMS 0x0000000084b00000| PB 0x0000000084b00000| Untracked 
|  76|0x0000000084c00000, 0x0000000084d00000, 0x0000000084d00000|100%| O|  |TAMS 0x0000000084c00000| PB 0x0000000084c00000| Untracked 
|  77|0x0000000084d00000, 0x0000000084e00000, 0x0000000084e00000|100%| O|  |TAMS 0x0000000084d00000| PB 0x0000000084d00000| Untracked 
|  78|0x0000000084e00000, 0x0000000084f00000, 0x0000000084f00000|100%| O|  |TAMS 0x0000000084e00000| PB 0x0000000084e00000| Untracked 
|  79|0x0000000084f00000, 0x0000000084f12240, 0x0000000085000000|  7%| O|  |TAMS 0x0000000084f00000| PB 0x0000000084f00000| Untracked 
|  80|0x0000000085000000, 0x0000000085100000, 0x0000000085100000|100%| O|  |TAMS 0x0000000085000000| PB 0x0000000085000000| Untracked 
|  81|0x0000000085100000, 0x0000000085100000, 0x0000000085200000|  0%| F|  |TAMS 0x0000000085100000| PB 0x0000000085100000| Untracked 
|  82|0x0000000085200000, 0x0000000085300000, 0x0000000085300000|100%| O|  |TAMS 0x0000000085200000| PB 0x0000000085200000| Untracked 
|  83|0x0000000085300000, 0x0000000085400000, 0x0000000085400000|100%|HS|  |TAMS 0x0000000085300000| PB 0x0000000085300000| Complete 
|  84|0x0000000085400000, 0x0000000085500000, 0x0000000085500000|100%|HC|  |TAMS 0x0000000085400000| PB 0x0000000085400000| Complete 
|  85|0x0000000085500000, 0x0000000085500000, 0x0000000085600000|  0%| F|  |TAMS 0x0000000085500000| PB 0x0000000085500000| Untracked 
|  86|0x0000000085600000, 0x0000000085700000, 0x0000000085700000|100%| O|  |TAMS 0x0000000085600000| PB 0x0000000085600000| Untracked 
|  87|0x0000000085700000, 0x0000000085700000, 0x0000000085800000|  0%| F|  |TAMS 0x0000000085700000| PB 0x0000000085700000| Untracked 
|  88|0x0000000085800000, 0x0000000085800000, 0x0000000085900000|  0%| F|  |TAMS 0x0000000085800000| PB 0x0000000085800000| Untracked 
|  89|0x0000000085900000, 0x0000000085a00000, 0x0000000085a00000|100%| O|  |TAMS 0x0000000085900000| PB 0x0000000085900000| Untracked 
|  90|0x0000000085a00000, 0x0000000085a00000, 0x0000000085b00000|  0%| F|  |TAMS 0x0000000085a00000| PB 0x0000000085a00000| Untracked 
|  91|0x0000000085b00000, 0x0000000085c00000, 0x0000000085c00000|100%| O|Cm|TAMS 0x0000000085b00000| PB 0x0000000085b00000| Complete 
|  92|0x0000000085c00000, 0x0000000085d00000, 0x0000000085d00000|100%| O|  |TAMS 0x0000000085c00000| PB 0x0000000085c00000| Untracked 
|  93|0x0000000085d00000, 0x0000000085e00000, 0x0000000085e00000|100%| O|Cm|TAMS 0x0000000085d00000| PB 0x0000000085d00000| Complete 
|  94|0x0000000085e00000, 0x0000000085e00000, 0x0000000085f00000|  0%| F|  |TAMS 0x0000000085e00000| PB 0x0000000085e00000| Untracked 
|  95|0x0000000085f00000, 0x0000000086000000, 0x0000000086000000|100%| O|  |TAMS 0x0000000085f00000| PB 0x0000000085f00000| Untracked 
|  96|0x0000000086000000, 0x0000000086100000, 0x0000000086100000|100%| O|  |TAMS 0x0000000086000000| PB 0x0000000086000000| Untracked 
|  97|0x0000000086100000, 0x0000000086100000, 0x0000000086200000|  0%| F|  |TAMS 0x0000000086100000| PB 0x0000000086100000| Untracked 
|  98|0x0000000086200000, 0x0000000086200000, 0x0000000086300000|  0%| F|  |TAMS 0x0000000086200000| PB 0x0000000086200000| Untracked 
|  99|0x0000000086300000, 0x0000000086400000, 0x0000000086400000|100%| O|  |TAMS 0x0000000086300000| PB 0x0000000086300000| Untracked 
| 100|0x0000000086400000, 0x0000000086500000, 0x0000000086500000|100%| O|Cm|TAMS 0x0000000086400000| PB 0x0000000086400000| Complete 
| 101|0x0000000086500000, 0x0000000086500000, 0x0000000086600000|  0%| F|  |TAMS 0x0000000086500000| PB 0x0000000086500000| Untracked 
| 102|0x0000000086600000, 0x0000000086700000, 0x0000000086700000|100%| O|  |TAMS 0x0000000086600000| PB 0x0000000086600000| Untracked 
| 103|0x0000000086700000, 0x0000000086800000, 0x0000000086800000|100%| O|  |TAMS 0x0000000086700000| PB 0x0000000086700000| Untracked 
| 104|0x0000000086800000, 0x0000000086900000, 0x0000000086900000|100%| O|  |TAMS 0x0000000086800000| PB 0x0000000086800000| Untracked 
| 105|0x0000000086900000, 0x0000000086900000, 0x0000000086a00000|  0%| F|  |TAMS 0x0000000086900000| PB 0x0000000086900000| Untracked 
| 106|0x0000000086a00000, 0x0000000086a00000, 0x0000000086b00000|  0%| F|  |TAMS 0x0000000086a00000| PB 0x0000000086a00000| Untracked 
| 107|0x0000000086b00000, 0x0000000086c00000, 0x0000000086c00000|100%| O|  |TAMS 0x0000000086b00000| PB 0x0000000086b00000| Untracked 
| 108|0x0000000086c00000, 0x0000000086c00000, 0x0000000086d00000|  0%| F|  |TAMS 0x0000000086c00000| PB 0x0000000086c00000| Untracked 
| 109|0x0000000086d00000, 0x0000000086e00000, 0x0000000086e00000|100%| O|  |TAMS 0x0000000086d00000| PB 0x0000000086d00000| Untracked 
| 110|0x0000000086e00000, 0x0000000086f00000, 0x0000000086f00000|100%| O|  |TAMS 0x0000000086e00000| PB 0x0000000086e00000| Untracked 
| 111|0x0000000086f00000, 0x0000000087000000, 0x0000000087000000|100%| O|  |TAMS 0x0000000086f00000| PB 0x0000000086f00000| Untracked 
| 112|0x0000000087000000, 0x0000000087100000, 0x0000000087100000|100%| O|Cm|TAMS 0x0000000087000000| PB 0x0000000087000000| Complete 
| 113|0x0000000087100000, 0x0000000087200000, 0x0000000087200000|100%| O|  |TAMS 0x0000000087100000| PB 0x0000000087100000| Untracked 
| 114|0x0000000087200000, 0x0000000087200000, 0x0000000087300000|  0%| F|  |TAMS 0x0000000087200000| PB 0x0000000087200000| Untracked 
| 115|0x0000000087300000, 0x0000000087400000, 0x0000000087400000|100%| O|  |TAMS 0x0000000087300000| PB 0x0000000087300000| Untracked 
| 116|0x0000000087400000, 0x0000000087500000, 0x0000000087500000|100%| O|  |TAMS 0x0000000087400000| PB 0x0000000087400000| Untracked 
| 117|0x0000000087500000, 0x0000000087600000, 0x0000000087600000|100%|HS|  |TAMS 0x0000000087500000| PB 0x0000000087500000| Complete 
| 118|0x0000000087600000, 0x0000000087700000, 0x0000000087700000|100%|HC|  |TAMS 0x0000000087600000| PB 0x0000000087600000| Complete 
| 119|0x0000000087700000, 0x0000000087800000, 0x0000000087800000|100%|HC|  |TAMS 0x0000000087700000| PB 0x0000000087700000| Complete 
| 120|0x0000000087800000, 0x0000000087900000, 0x0000000087900000|100%| O|Cm|TAMS 0x0000000087800000| PB 0x0000000087800000| Complete 
| 121|0x0000000087900000, 0x0000000087a00000, 0x0000000087a00000|100%| O|  |TAMS 0x0000000087900000| PB 0x0000000087900000| Untracked 
| 122|0x0000000087a00000, 0x0000000087b00000, 0x0000000087b00000|100%| O|  |TAMS 0x0000000087a00000| PB 0x0000000087a00000| Untracked 
| 123|0x0000000087b00000, 0x0000000087c00000, 0x0000000087c00000|100%| O|  |TAMS 0x0000000087b00000| PB 0x0000000087b00000| Untracked 
| 124|0x0000000087c00000, 0x0000000087d00000, 0x0000000087d00000|100%| O|  |TAMS 0x0000000087c00000| PB 0x0000000087c00000| Untracked 
| 125|0x0000000087d00000, 0x0000000087e00000, 0x0000000087e00000|100%| O|  |TAMS 0x0000000087d00000| PB 0x0000000087d00000| Untracked 
| 126|0x0000000087e00000, 0x0000000087f00000, 0x0000000087f00000|100%| O|  |TAMS 0x0000000087e00000| PB 0x0000000087e00000| Untracked 
| 127|0x0000000087f00000, 0x0000000087f00000, 0x0000000088000000|  0%| F|  |TAMS 0x0000000087f00000| PB 0x0000000087f00000| Untracked 
| 128|0x0000000088000000, 0x0000000088000000, 0x0000000088100000|  0%| F|  |TAMS 0x0000000088000000| PB 0x0000000088000000| Untracked 
| 129|0x0000000088100000, 0x0000000088200000, 0x0000000088200000|100%| O|  |TAMS 0x0000000088100000| PB 0x0000000088100000| Untracked 
| 130|0x0000000088200000, 0x0000000088300000, 0x0000000088300000|100%| O|  |TAMS 0x0000000088200000| PB 0x0000000088200000| Untracked 
| 131|0x0000000088300000, 0x0000000088400000, 0x0000000088400000|100%| O|  |TAMS 0x0000000088300000| PB 0x0000000088300000| Untracked 
| 132|0x0000000088400000, 0x0000000088400000, 0x0000000088500000|  0%| F|  |TAMS 0x0000000088400000| PB 0x0000000088400000| Untracked 
| 133|0x0000000088500000, 0x0000000088500000, 0x0000000088600000|  0%| F|  |TAMS 0x0000000088500000| PB 0x0000000088500000| Untracked 
| 134|0x0000000088600000, 0x0000000088600000, 0x0000000088700000|  0%| F|  |TAMS 0x0000000088600000| PB 0x0000000088600000| Untracked 
| 135|0x0000000088700000, 0x0000000088700000, 0x0000000088800000|  0%| F|  |TAMS 0x0000000088700000| PB 0x0000000088700000| Untracked 
| 136|0x0000000088800000, 0x0000000088800000, 0x0000000088900000|  0%| F|  |TAMS 0x0000000088800000| PB 0x0000000088800000| Untracked 
| 137|0x0000000088900000, 0x0000000088900000, 0x0000000088a00000|  0%| F|  |TAMS 0x0000000088900000| PB 0x0000000088900000| Untracked 
| 138|0x0000000088a00000, 0x0000000088a2e710, 0x0000000088b00000| 18%| S|CS|TAMS 0x0000000088a00000| PB 0x0000000088a00000| Complete 
| 139|0x0000000088b00000, 0x0000000088c00000, 0x0000000088c00000|100%| O|  |TAMS 0x0000000088b00000| PB 0x0000000088b00000| Untracked 
| 140|0x0000000088c00000, 0x0000000088d00000, 0x0000000088d00000|100%| O|  |TAMS 0x0000000088c00000| PB 0x0000000088c00000| Untracked 
| 141|0x0000000088d00000, 0x0000000088e00000, 0x0000000088e00000|100%| O|  |TAMS 0x0000000088d00000| PB 0x0000000088d00000| Untracked 
| 142|0x0000000088e00000, 0x0000000088f00000, 0x0000000088f00000|100%| O|  |TAMS 0x0000000088e00000| PB 0x0000000088e00000| Untracked 
| 143|0x0000000088f00000, 0x0000000089000000, 0x0000000089000000|100%| S|CS|TAMS 0x0000000088f00000| PB 0x0000000088f00000| Complete 
| 144|0x0000000089000000, 0x0000000089100000, 0x0000000089100000|100%| S|CS|TAMS 0x0000000089000000| PB 0x0000000089000000| Complete 
| 145|0x0000000089100000, 0x0000000089200000, 0x0000000089200000|100%| S|CS|TAMS 0x0000000089100000| PB 0x0000000089100000| Complete 
| 146|0x0000000089200000, 0x0000000089300000, 0x0000000089300000|100%| S|CS|TAMS 0x0000000089200000| PB 0x0000000089200000| Complete 
| 147|0x0000000089300000, 0x0000000089400000, 0x0000000089400000|100%| S|CS|TAMS 0x0000000089300000| PB 0x0000000089300000| Complete 
| 148|0x0000000089400000, 0x0000000089500000, 0x0000000089500000|100%| S|CS|TAMS 0x0000000089400000| PB 0x0000000089400000| Complete 
| 149|0x0000000089500000, 0x0000000089500000, 0x0000000089600000|  0%| F|  |TAMS 0x0000000089500000| PB 0x0000000089500000| Untracked 
| 150|0x0000000089600000, 0x0000000089600000, 0x0000000089700000|  0%| F|  |TAMS 0x0000000089600000| PB 0x0000000089600000| Untracked 
| 151|0x0000000089700000, 0x0000000089800000, 0x0000000089800000|100%| O|  |TAMS 0x0000000089700000| PB 0x0000000089700000| Untracked 
| 152|0x0000000089800000, 0x0000000089900000, 0x0000000089900000|100%| S|CS|TAMS 0x0000000089800000| PB 0x0000000089800000| Complete 
| 153|0x0000000089900000, 0x0000000089a00000, 0x0000000089a00000|100%| S|CS|TAMS 0x0000000089900000| PB 0x0000000089900000| Complete 
| 154|0x0000000089a00000, 0x0000000089b00000, 0x0000000089b00000|100%| S|CS|TAMS 0x0000000089a00000| PB 0x0000000089a00000| Complete 
| 155|0x0000000089b00000, 0x0000000089c00000, 0x0000000089c00000|100%| S|CS|TAMS 0x0000000089b00000| PB 0x0000000089b00000| Complete 
| 156|0x0000000089c00000, 0x0000000089d00000, 0x0000000089d00000|100%| S|CS|TAMS 0x0000000089c00000| PB 0x0000000089c00000| Complete 
| 157|0x0000000089d00000, 0x0000000089e00000, 0x0000000089e00000|100%| S|CS|TAMS 0x0000000089d00000| PB 0x0000000089d00000| Complete 
| 158|0x0000000089e00000, 0x0000000089f00000, 0x0000000089f00000|100%| S|CS|TAMS 0x0000000089e00000| PB 0x0000000089e00000| Complete 
| 159|0x0000000089f00000, 0x0000000089f00000, 0x000000008a000000|  0%| F|  |TAMS 0x0000000089f00000| PB 0x0000000089f00000| Untracked 
| 160|0x000000008a000000, 0x000000008a000000, 0x000000008a100000|  0%| F|  |TAMS 0x000000008a000000| PB 0x000000008a000000| Untracked 
| 161|0x000000008a100000, 0x000000008a100000, 0x000000008a200000|  0%| F|  |TAMS 0x000000008a100000| PB 0x000000008a100000| Untracked 
| 162|0x000000008a200000, 0x000000008a300000, 0x000000008a300000|100%| S|CS|TAMS 0x000000008a200000| PB 0x000000008a200000| Complete 
| 163|0x000000008a300000, 0x000000008a400000, 0x000000008a400000|100%| S|CS|TAMS 0x000000008a300000| PB 0x000000008a300000| Complete 
| 164|0x000000008a400000, 0x000000008a500000, 0x000000008a500000|100%| S|CS|TAMS 0x000000008a400000| PB 0x000000008a400000| Complete 
| 165|0x000000008a500000, 0x000000008a600000, 0x000000008a600000|100%| S|CS|TAMS 0x000000008a500000| PB 0x000000008a500000| Complete 
| 166|0x000000008a600000, 0x000000008a700000, 0x000000008a700000|100%| S|CS|TAMS 0x000000008a600000| PB 0x000000008a600000| Complete 
| 167|0x000000008a700000, 0x000000008a700000, 0x000000008a800000|  0%| F|  |TAMS 0x000000008a700000| PB 0x000000008a700000| Untracked 
| 168|0x000000008a800000, 0x000000008a800000, 0x000000008a900000|  0%| F|  |TAMS 0x000000008a800000| PB 0x000000008a800000| Untracked 
| 169|0x000000008a900000, 0x000000008a900000, 0x000000008aa00000|  0%| F|  |TAMS 0x000000008a900000| PB 0x000000008a900000| Untracked 
| 170|0x000000008aa00000, 0x000000008aa00000, 0x000000008ab00000|  0%| F|  |TAMS 0x000000008aa00000| PB 0x000000008aa00000| Untracked 
| 171|0x000000008ab00000, 0x000000008ab00000, 0x000000008ac00000|  0%| F|  |TAMS 0x000000008ab00000| PB 0x000000008ab00000| Untracked 
| 172|0x000000008ac00000, 0x000000008ac00000, 0x000000008ad00000|  0%| F|  |TAMS 0x000000008ac00000| PB 0x000000008ac00000| Untracked 
| 173|0x000000008ad00000, 0x000000008ad00000, 0x000000008ae00000|  0%| F|  |TAMS 0x000000008ad00000| PB 0x000000008ad00000| Untracked 
| 174|0x000000008ae00000, 0x000000008ae00000, 0x000000008af00000|  0%| F|  |TAMS 0x000000008ae00000| PB 0x000000008ae00000| Untracked 
| 175|0x000000008af00000, 0x000000008af00000, 0x000000008b000000|  0%| F|  |TAMS 0x000000008af00000| PB 0x000000008af00000| Untracked 
| 176|0x000000008b000000, 0x000000008b000000, 0x000000008b100000|  0%| F|  |TAMS 0x000000008b000000| PB 0x000000008b000000| Untracked 
| 177|0x000000008b100000, 0x000000008b100000, 0x000000008b200000|  0%| F|  |TAMS 0x000000008b100000| PB 0x000000008b100000| Untracked 
| 178|0x000000008b200000, 0x000000008b200000, 0x000000008b300000|  0%| F|  |TAMS 0x000000008b200000| PB 0x000000008b200000| Untracked 
| 179|0x000000008b300000, 0x000000008b300000, 0x000000008b400000|  0%| F|  |TAMS 0x000000008b300000| PB 0x000000008b300000| Untracked 
| 180|0x000000008b400000, 0x000000008b500000, 0x000000008b500000|100%| O|  |TAMS 0x000000008b400000| PB 0x000000008b400000| Untracked 
| 181|0x000000008b500000, 0x000000008b500000, 0x000000008b600000|  0%| F|  |TAMS 0x000000008b500000| PB 0x000000008b500000| Untracked 
| 182|0x000000008b600000, 0x000000008b600000, 0x000000008b700000|  0%| F|  |TAMS 0x000000008b600000| PB 0x000000008b600000| Untracked 
| 183|0x000000008b700000, 0x000000008b700000, 0x000000008b800000|  0%| F|  |TAMS 0x000000008b700000| PB 0x000000008b700000| Untracked 
| 184|0x000000008b800000, 0x000000008b800000, 0x000000008b900000|  0%| F|  |TAMS 0x000000008b800000| PB 0x000000008b800000| Untracked 
| 185|0x000000008b900000, 0x000000008b900000, 0x000000008ba00000|  0%| F|  |TAMS 0x000000008b900000| PB 0x000000008b900000| Untracked 
| 186|0x000000008ba00000, 0x000000008ba00000, 0x000000008bb00000|  0%| F|  |TAMS 0x000000008ba00000| PB 0x000000008ba00000| Untracked 
| 187|0x000000008bb00000, 0x000000008bb00000, 0x000000008bc00000|  0%| F|  |TAMS 0x000000008bb00000| PB 0x000000008bb00000| Untracked 
| 188|0x000000008bc00000, 0x000000008bc00000, 0x000000008bd00000|  0%| F|  |TAMS 0x000000008bc00000| PB 0x000000008bc00000| Untracked 
| 189|0x000000008bd00000, 0x000000008bd00000, 0x000000008be00000|  0%| F|  |TAMS 0x000000008bd00000| PB 0x000000008bd00000| Untracked 
| 190|0x000000008be00000, 0x000000008be00000, 0x000000008bf00000|  0%| F|  |TAMS 0x000000008be00000| PB 0x000000008be00000| Untracked 
| 191|0x000000008bf00000, 0x000000008bf00000, 0x000000008c000000|  0%| F|  |TAMS 0x000000008bf00000| PB 0x000000008bf00000| Untracked 
| 192|0x000000008c000000, 0x000000008c000000, 0x000000008c100000|  0%| F|  |TAMS 0x000000008c000000| PB 0x000000008c000000| Untracked 
| 193|0x000000008c100000, 0x000000008c100000, 0x000000008c200000|  0%| F|  |TAMS 0x000000008c100000| PB 0x000000008c100000| Untracked 
| 194|0x000000008c200000, 0x000000008c200000, 0x000000008c300000|  0%| F|  |TAMS 0x000000008c200000| PB 0x000000008c200000| Untracked 
| 195|0x000000008c300000, 0x000000008c300000, 0x000000008c400000|  0%| F|  |TAMS 0x000000008c300000| PB 0x000000008c300000| Untracked 
| 196|0x000000008c400000, 0x000000008c400000, 0x000000008c500000|  0%| F|  |TAMS 0x000000008c400000| PB 0x000000008c400000| Untracked 
| 197|0x000000008c500000, 0x000000008c500000, 0x000000008c600000|  0%| F|  |TAMS 0x000000008c500000| PB 0x000000008c500000| Untracked 
| 198|0x000000008c600000, 0x000000008c600000, 0x000000008c700000|  0%| F|  |TAMS 0x000000008c600000| PB 0x000000008c600000| Untracked 
| 199|0x000000008c700000, 0x000000008c700000, 0x000000008c800000|  0%| F|  |TAMS 0x000000008c700000| PB 0x000000008c700000| Untracked 
| 200|0x000000008c800000, 0x000000008c800000, 0x000000008c900000|  0%| F|  |TAMS 0x000000008c800000| PB 0x000000008c800000| Untracked 
| 201|0x000000008c900000, 0x000000008c900000, 0x000000008ca00000|  0%| F|  |TAMS 0x000000008c900000| PB 0x000000008c900000| Untracked 
| 202|0x000000008ca00000, 0x000000008ca00000, 0x000000008cb00000|  0%| F|  |TAMS 0x000000008ca00000| PB 0x000000008ca00000| Untracked 
| 203|0x000000008cb00000, 0x000000008cb00000, 0x000000008cc00000|  0%| F|  |TAMS 0x000000008cb00000| PB 0x000000008cb00000| Untracked 
| 204|0x000000008cc00000, 0x000000008cc00000, 0x000000008cd00000|  0%| F|  |TAMS 0x000000008cc00000| PB 0x000000008cc00000| Untracked 
| 205|0x000000008cd00000, 0x000000008cd00000, 0x000000008ce00000|  0%| F|  |TAMS 0x000000008cd00000| PB 0x000000008cd00000| Untracked 
| 206|0x000000008ce00000, 0x000000008ce00000, 0x000000008cf00000|  0%| F|  |TAMS 0x000000008ce00000| PB 0x000000008ce00000| Untracked 
| 207|0x000000008cf00000, 0x000000008cf00000, 0x000000008d000000|  0%| F|  |TAMS 0x000000008cf00000| PB 0x000000008cf00000| Untracked 
| 208|0x000000008d000000, 0x000000008d000000, 0x000000008d100000|  0%| F|  |TAMS 0x000000008d000000| PB 0x000000008d000000| Untracked 
| 209|0x000000008d100000, 0x000000008d100000, 0x000000008d200000|  0%| F|  |TAMS 0x000000008d100000| PB 0x000000008d100000| Untracked 
| 210|0x000000008d200000, 0x000000008d200000, 0x000000008d300000|  0%| F|  |TAMS 0x000000008d200000| PB 0x000000008d200000| Untracked 
| 211|0x000000008d300000, 0x000000008d300000, 0x000000008d400000|  0%| F|  |TAMS 0x000000008d300000| PB 0x000000008d300000| Untracked 
| 212|0x000000008d400000, 0x000000008d400000, 0x000000008d500000|  0%| F|  |TAMS 0x000000008d400000| PB 0x000000008d400000| Untracked 
| 213|0x000000008d500000, 0x000000008d500000, 0x000000008d600000|  0%| F|  |TAMS 0x000000008d500000| PB 0x000000008d500000| Untracked 
| 214|0x000000008d600000, 0x000000008d600000, 0x000000008d700000|  0%| F|  |TAMS 0x000000008d600000| PB 0x000000008d600000| Untracked 
| 215|0x000000008d700000, 0x000000008d780000, 0x000000008d800000| 50%| E|  |TAMS 0x000000008d700000| PB 0x000000008d700000| Complete 
| 216|0x000000008d800000, 0x000000008d900000, 0x000000008d900000|100%| E|CS|TAMS 0x000000008d800000| PB 0x000000008d800000| Complete 
| 217|0x000000008d900000, 0x000000008da00000, 0x000000008da00000|100%| E|CS|TAMS 0x000000008d900000| PB 0x000000008d900000| Complete 
| 218|0x000000008da00000, 0x000000008db00000, 0x000000008db00000|100%| E|CS|TAMS 0x000000008da00000| PB 0x000000008da00000| Complete 
| 219|0x000000008db00000, 0x000000008dc00000, 0x000000008dc00000|100%| E|CS|TAMS 0x000000008db00000| PB 0x000000008db00000| Complete 
| 220|0x000000008dc00000, 0x000000008dd00000, 0x000000008dd00000|100%| E|CS|TAMS 0x000000008dc00000| PB 0x000000008dc00000| Complete 
| 221|0x000000008dd00000, 0x000000008de00000, 0x000000008de00000|100%| E|CS|TAMS 0x000000008dd00000| PB 0x000000008dd00000| Complete 
| 222|0x000000008de00000, 0x000000008df00000, 0x000000008df00000|100%| E|CS|TAMS 0x000000008de00000| PB 0x000000008de00000| Complete 
| 223|0x000000008df00000, 0x000000008e000000, 0x000000008e000000|100%| E|CS|TAMS 0x000000008df00000| PB 0x000000008df00000| Complete 
| 224|0x000000008e000000, 0x000000008e100000, 0x000000008e100000|100%| E|CS|TAMS 0x000000008e000000| PB 0x000000008e000000| Complete 
| 225|0x000000008e100000, 0x000000008e200000, 0x000000008e200000|100%| E|CS|TAMS 0x000000008e100000| PB 0x000000008e100000| Complete 
| 226|0x000000008e200000, 0x000000008e300000, 0x000000008e300000|100%| E|CS|TAMS 0x000000008e200000| PB 0x000000008e200000| Complete 
| 227|0x000000008e300000, 0x000000008e400000, 0x000000008e400000|100%| E|CS|TAMS 0x000000008e300000| PB 0x000000008e300000| Complete 
| 228|0x000000008e400000, 0x000000008e500000, 0x000000008e500000|100%| E|CS|TAMS 0x000000008e400000| PB 0x000000008e400000| Complete 
| 229|0x000000008e500000, 0x000000008e600000, 0x000000008e600000|100%| E|CS|TAMS 0x000000008e500000| PB 0x000000008e500000| Complete 
| 230|0x000000008e600000, 0x000000008e700000, 0x000000008e700000|100%| E|CS|TAMS 0x000000008e600000| PB 0x000000008e600000| Complete 
| 231|0x000000008e700000, 0x000000008e800000, 0x000000008e800000|100%| E|CS|TAMS 0x000000008e700000| PB 0x000000008e700000| Complete 
| 232|0x000000008e800000, 0x000000008e900000, 0x000000008e900000|100%| E|CS|TAMS 0x000000008e800000| PB 0x000000008e800000| Complete 
| 233|0x000000008e900000, 0x000000008ea00000, 0x000000008ea00000|100%| E|CS|TAMS 0x000000008e900000| PB 0x000000008e900000| Complete 
| 234|0x000000008ea00000, 0x000000008eb00000, 0x000000008eb00000|100%| E|CS|TAMS 0x000000008ea00000| PB 0x000000008ea00000| Complete 
| 235|0x000000008eb00000, 0x000000008ec00000, 0x000000008ec00000|100%| E|CS|TAMS 0x000000008eb00000| PB 0x000000008eb00000| Complete 
| 236|0x000000008ec00000, 0x000000008ed00000, 0x000000008ed00000|100%| E|CS|TAMS 0x000000008ec00000| PB 0x000000008ec00000| Complete 
| 237|0x000000008ed00000, 0x000000008ee00000, 0x000000008ee00000|100%| E|CS|TAMS 0x000000008ed00000| PB 0x000000008ed00000| Complete 
| 238|0x000000008ee00000, 0x000000008ef00000, 0x000000008ef00000|100%| E|CS|TAMS 0x000000008ee00000| PB 0x000000008ee00000| Complete 
| 239|0x000000008ef00000, 0x000000008f000000, 0x000000008f000000|100%| E|CS|TAMS 0x000000008ef00000| PB 0x000000008ef00000| Complete 
| 240|0x000000008f000000, 0x000000008f100000, 0x000000008f100000|100%| E|CS|TAMS 0x000000008f000000| PB 0x000000008f000000| Complete 
| 241|0x000000008f100000, 0x000000008f200000, 0x000000008f200000|100%| E|CS|TAMS 0x000000008f100000| PB 0x000000008f100000| Complete 
| 242|0x000000008f200000, 0x000000008f300000, 0x000000008f300000|100%| E|CS|TAMS 0x000000008f200000| PB 0x000000008f200000| Complete 
| 243|0x000000008f300000, 0x000000008f400000, 0x000000008f400000|100%| E|CS|TAMS 0x000000008f300000| PB 0x000000008f300000| Complete 
| 244|0x000000008f400000, 0x000000008f500000, 0x000000008f500000|100%| E|CS|TAMS 0x000000008f400000| PB 0x000000008f400000| Complete 
| 245|0x000000008f500000, 0x000000008f600000, 0x000000008f600000|100%| E|CS|TAMS 0x000000008f500000| PB 0x000000008f500000| Complete 
| 246|0x000000008f600000, 0x000000008f700000, 0x000000008f700000|100%| E|CS|TAMS 0x000000008f600000| PB 0x000000008f600000| Complete 
| 247|0x000000008f700000, 0x000000008f800000, 0x000000008f800000|100%| E|CS|TAMS 0x000000008f700000| PB 0x000000008f700000| Complete 
| 248|0x000000008f800000, 0x000000008f900000, 0x000000008f900000|100%| E|CS|TAMS 0x000000008f800000| PB 0x000000008f800000| Complete 
| 249|0x000000008f900000, 0x000000008fa00000, 0x000000008fa00000|100%| E|CS|TAMS 0x000000008f900000| PB 0x000000008f900000| Complete 
| 250|0x000000008fa00000, 0x000000008fb00000, 0x000000008fb00000|100%| E|CS|TAMS 0x000000008fa00000| PB 0x000000008fa00000| Complete 
| 251|0x000000008fb00000, 0x000000008fc00000, 0x000000008fc00000|100%| E|CS|TAMS 0x000000008fb00000| PB 0x000000008fb00000| Complete 
| 252|0x000000008fc00000, 0x000000008fd00000, 0x000000008fd00000|100%| E|CS|TAMS 0x000000008fc00000| PB 0x000000008fc00000| Complete 
| 253|0x000000008fd00000, 0x000000008fe00000, 0x000000008fe00000|100%| E|CS|TAMS 0x000000008fd00000| PB 0x000000008fd00000| Complete 
| 254|0x000000008fe00000, 0x000000008ff00000, 0x000000008ff00000|100%| E|CS|TAMS 0x000000008fe00000| PB 0x000000008fe00000| Complete 
| 255|0x000000008ff00000, 0x0000000090000000, 0x0000000090000000|100%| E|CS|TAMS 0x000000008ff00000| PB 0x000000008ff00000| Complete 
| 256|0x0000000090000000, 0x0000000090100000, 0x0000000090100000|100%| E|CS|TAMS 0x0000000090000000| PB 0x0000000090000000| Complete 
| 257|0x0000000090100000, 0x0000000090200000, 0x0000000090200000|100%| E|CS|TAMS 0x0000000090100000| PB 0x0000000090100000| Complete 
| 258|0x0000000090200000, 0x0000000090300000, 0x0000000090300000|100%| E|CS|TAMS 0x0000000090200000| PB 0x0000000090200000| Complete 
| 259|0x0000000090300000, 0x0000000090400000, 0x0000000090400000|100%| E|CS|TAMS 0x0000000090300000| PB 0x0000000090300000| Complete 
| 260|0x0000000090400000, 0x0000000090500000, 0x0000000090500000|100%| E|CS|TAMS 0x0000000090400000| PB 0x0000000090400000| Complete 
| 261|0x0000000090500000, 0x0000000090600000, 0x0000000090600000|100%| E|CS|TAMS 0x0000000090500000| PB 0x0000000090500000| Complete 
| 262|0x0000000090600000, 0x0000000090700000, 0x0000000090700000|100%| E|CS|TAMS 0x0000000090600000| PB 0x0000000090600000| Complete 
| 263|0x0000000090700000, 0x0000000090800000, 0x0000000090800000|100%| E|CS|TAMS 0x0000000090700000| PB 0x0000000090700000| Complete 
| 264|0x0000000090800000, 0x0000000090900000, 0x0000000090900000|100%| E|CS|TAMS 0x0000000090800000| PB 0x0000000090800000| Complete 
| 265|0x0000000090900000, 0x0000000090a00000, 0x0000000090a00000|100%| E|CS|TAMS 0x0000000090900000| PB 0x0000000090900000| Complete 
| 266|0x0000000090a00000, 0x0000000090b00000, 0x0000000090b00000|100%| E|  |TAMS 0x0000000090a00000| PB 0x0000000090a00000| Complete 
| 267|0x0000000090b00000, 0x0000000090c00000, 0x0000000090c00000|100%| E|CS|TAMS 0x0000000090b00000| PB 0x0000000090b00000| Complete 
| 268|0x0000000090c00000, 0x0000000090d00000, 0x0000000090d00000|100%| E|CS|TAMS 0x0000000090c00000| PB 0x0000000090c00000| Complete 
| 269|0x0000000090d00000, 0x0000000090e00000, 0x0000000090e00000|100%| E|CS|TAMS 0x0000000090d00000| PB 0x0000000090d00000| Complete 
| 270|0x0000000090e00000, 0x0000000090f00000, 0x0000000090f00000|100%| E|CS|TAMS 0x0000000090e00000| PB 0x0000000090e00000| Complete 
| 271|0x0000000090f00000, 0x0000000091000000, 0x0000000091000000|100%| E|CS|TAMS 0x0000000090f00000| PB 0x0000000090f00000| Complete 
| 272|0x0000000091000000, 0x0000000091100000, 0x0000000091100000|100%| E|CS|TAMS 0x0000000091000000| PB 0x0000000091000000| Complete 
| 273|0x0000000091100000, 0x0000000091200000, 0x0000000091200000|100%| E|CS|TAMS 0x0000000091100000| PB 0x0000000091100000| Complete 
| 274|0x0000000091200000, 0x0000000091300000, 0x0000000091300000|100%| E|CS|TAMS 0x0000000091200000| PB 0x0000000091200000| Complete 
| 275|0x0000000091300000, 0x0000000091400000, 0x0000000091400000|100%| E|CS|TAMS 0x0000000091300000| PB 0x0000000091300000| Complete 
| 276|0x0000000091400000, 0x0000000091500000, 0x0000000091500000|100%| E|CS|TAMS 0x0000000091400000| PB 0x0000000091400000| Complete 
| 277|0x0000000091500000, 0x0000000091600000, 0x0000000091600000|100%| E|CS|TAMS 0x0000000091500000| PB 0x0000000091500000| Complete 
| 278|0x0000000091600000, 0x0000000091700000, 0x0000000091700000|100%| E|CS|TAMS 0x0000000091600000| PB 0x0000000091600000| Complete 
| 279|0x0000000091700000, 0x0000000091800000, 0x0000000091800000|100%| E|CS|TAMS 0x0000000091700000| PB 0x0000000091700000| Complete 
| 280|0x0000000091800000, 0x0000000091900000, 0x0000000091900000|100%| E|CS|TAMS 0x0000000091800000| PB 0x0000000091800000| Complete 
| 281|0x0000000091900000, 0x0000000091a00000, 0x0000000091a00000|100%| E|CS|TAMS 0x0000000091900000| PB 0x0000000091900000| Complete 
| 282|0x0000000091a00000, 0x0000000091b00000, 0x0000000091b00000|100%| E|CS|TAMS 0x0000000091a00000| PB 0x0000000091a00000| Complete 
| 283|0x0000000091b00000, 0x0000000091c00000, 0x0000000091c00000|100%| E|CS|TAMS 0x0000000091b00000| PB 0x0000000091b00000| Complete 
| 284|0x0000000091c00000, 0x0000000091d00000, 0x0000000091d00000|100%| E|CS|TAMS 0x0000000091c00000| PB 0x0000000091c00000| Complete 
| 285|0x0000000091d00000, 0x0000000091e00000, 0x0000000091e00000|100%| E|CS|TAMS 0x0000000091d00000| PB 0x0000000091d00000| Complete 
| 286|0x0000000091e00000, 0x0000000091f00000, 0x0000000091f00000|100%| E|CS|TAMS 0x0000000091e00000| PB 0x0000000091e00000| Complete 
| 287|0x0000000091f00000, 0x0000000092000000, 0x0000000092000000|100%| E|CS|TAMS 0x0000000091f00000| PB 0x0000000091f00000| Complete 
| 288|0x0000000092000000, 0x0000000092100000, 0x0000000092100000|100%| E|CS|TAMS 0x0000000092000000| PB 0x0000000092000000| Complete 
| 289|0x0000000092100000, 0x0000000092200000, 0x0000000092200000|100%| E|CS|TAMS 0x0000000092100000| PB 0x0000000092100000| Complete 
| 290|0x0000000092200000, 0x0000000092300000, 0x0000000092300000|100%| E|CS|TAMS 0x0000000092200000| PB 0x0000000092200000| Complete 
| 291|0x0000000092300000, 0x0000000092400000, 0x0000000092400000|100%| E|CS|TAMS 0x0000000092300000| PB 0x0000000092300000| Complete 
| 292|0x0000000092400000, 0x0000000092500000, 0x0000000092500000|100%| E|CS|TAMS 0x0000000092400000| PB 0x0000000092400000| Complete 
| 293|0x0000000092500000, 0x0000000092600000, 0x0000000092600000|100%| E|CS|TAMS 0x0000000092500000| PB 0x0000000092500000| Complete 
| 294|0x0000000092600000, 0x0000000092700000, 0x0000000092700000|100%| E|CS|TAMS 0x0000000092600000| PB 0x0000000092600000| Complete 
| 295|0x0000000092700000, 0x0000000092800000, 0x0000000092800000|100%| E|CS|TAMS 0x0000000092700000| PB 0x0000000092700000| Complete 
| 296|0x0000000092800000, 0x0000000092900000, 0x0000000092900000|100%| E|CS|TAMS 0x0000000092800000| PB 0x0000000092800000| Complete 
| 297|0x0000000092900000, 0x0000000092a00000, 0x0000000092a00000|100%| E|CS|TAMS 0x0000000092900000| PB 0x0000000092900000| Complete 
| 298|0x0000000092a00000, 0x0000000092b00000, 0x0000000092b00000|100%| E|CS|TAMS 0x0000000092a00000| PB 0x0000000092a00000| Complete 
| 299|0x0000000092b00000, 0x0000000092c00000, 0x0000000092c00000|100%| E|CS|TAMS 0x0000000092b00000| PB 0x0000000092b00000| Complete 
| 300|0x0000000092c00000, 0x0000000092d00000, 0x0000000092d00000|100%| E|CS|TAMS 0x0000000092c00000| PB 0x0000000092c00000| Complete 
| 301|0x0000000092d00000, 0x0000000092e00000, 0x0000000092e00000|100%| E|CS|TAMS 0x0000000092d00000| PB 0x0000000092d00000| Complete 
| 302|0x0000000092e00000, 0x0000000092f00000, 0x0000000092f00000|100%| E|CS|TAMS 0x0000000092e00000| PB 0x0000000092e00000| Complete 
| 303|0x0000000092f00000, 0x0000000093000000, 0x0000000093000000|100%| E|CS|TAMS 0x0000000092f00000| PB 0x0000000092f00000| Complete 
| 304|0x0000000093000000, 0x0000000093100000, 0x0000000093100000|100%| E|CS|TAMS 0x0000000093000000| PB 0x0000000093000000| Complete 
| 305|0x0000000093100000, 0x0000000093200000, 0x0000000093200000|100%| E|CS|TAMS 0x0000000093100000| PB 0x0000000093100000| Complete 
| 306|0x0000000093200000, 0x0000000093300000, 0x0000000093300000|100%| E|CS|TAMS 0x0000000093200000| PB 0x0000000093200000| Complete 
| 307|0x0000000093300000, 0x0000000093400000, 0x0000000093400000|100%| E|CS|TAMS 0x0000000093300000| PB 0x0000000093300000| Complete 
| 308|0x0000000093400000, 0x0000000093500000, 0x0000000093500000|100%| E|CS|TAMS 0x0000000093400000| PB 0x0000000093400000| Complete 
| 309|0x0000000093500000, 0x0000000093600000, 0x0000000093600000|100%| E|CS|TAMS 0x0000000093500000| PB 0x0000000093500000| Complete 
| 310|0x0000000093600000, 0x0000000093700000, 0x0000000093700000|100%| E|CS|TAMS 0x0000000093600000| PB 0x0000000093600000| Complete 
| 311|0x0000000093700000, 0x0000000093800000, 0x0000000093800000|100%| E|CS|TAMS 0x0000000093700000| PB 0x0000000093700000| Complete 
| 312|0x0000000093800000, 0x0000000093900000, 0x0000000093900000|100%| E|CS|TAMS 0x0000000093800000| PB 0x0000000093800000| Complete 
| 313|0x0000000093900000, 0x0000000093a00000, 0x0000000093a00000|100%| E|CS|TAMS 0x0000000093900000| PB 0x0000000093900000| Complete 
| 314|0x0000000093a00000, 0x0000000093b00000, 0x0000000093b00000|100%| E|CS|TAMS 0x0000000093a00000| PB 0x0000000093a00000| Complete 
| 315|0x0000000093b00000, 0x0000000093c00000, 0x0000000093c00000|100%| E|CS|TAMS 0x0000000093b00000| PB 0x0000000093b00000| Complete 
| 316|0x0000000093c00000, 0x0000000093d00000, 0x0000000093d00000|100%| E|CS|TAMS 0x0000000093c00000| PB 0x0000000093c00000| Complete 
| 317|0x0000000093d00000, 0x0000000093e00000, 0x0000000093e00000|100%| E|CS|TAMS 0x0000000093d00000| PB 0x0000000093d00000| Complete 
| 318|0x0000000093e00000, 0x0000000093f00000, 0x0000000093f00000|100%| E|CS|TAMS 0x0000000093e00000| PB 0x0000000093e00000| Complete 
| 319|0x0000000093f00000, 0x0000000094000000, 0x0000000094000000|100%| E|CS|TAMS 0x0000000093f00000| PB 0x0000000093f00000| Complete 
| 320|0x0000000094000000, 0x0000000094100000, 0x0000000094100000|100%| E|CS|TAMS 0x0000000094000000| PB 0x0000000094000000| Complete 
| 321|0x0000000094100000, 0x0000000094200000, 0x0000000094200000|100%| E|CS|TAMS 0x0000000094100000| PB 0x0000000094100000| Complete 
| 322|0x0000000094200000, 0x0000000094300000, 0x0000000094300000|100%| E|CS|TAMS 0x0000000094200000| PB 0x0000000094200000| Complete 
| 323|0x0000000094300000, 0x0000000094400000, 0x0000000094400000|100%| E|CS|TAMS 0x0000000094300000| PB 0x0000000094300000| Complete 
| 324|0x0000000094400000, 0x0000000094500000, 0x0000000094500000|100%| E|CS|TAMS 0x0000000094400000| PB 0x0000000094400000| Complete 
| 325|0x0000000094500000, 0x0000000094600000, 0x0000000094600000|100%| E|CS|TAMS 0x0000000094500000| PB 0x0000000094500000| Complete 
| 326|0x0000000094600000, 0x0000000094700000, 0x0000000094700000|100%| E|CS|TAMS 0x0000000094600000| PB 0x0000000094600000| Complete 
| 327|0x0000000094700000, 0x0000000094800000, 0x0000000094800000|100%| E|CS|TAMS 0x0000000094700000| PB 0x0000000094700000| Complete 
| 328|0x0000000094800000, 0x0000000094900000, 0x0000000094900000|100%| E|CS|TAMS 0x0000000094800000| PB 0x0000000094800000| Complete 
| 329|0x0000000094900000, 0x0000000094a00000, 0x0000000094a00000|100%| E|CS|TAMS 0x0000000094900000| PB 0x0000000094900000| Complete 
| 330|0x0000000094a00000, 0x0000000094b00000, 0x0000000094b00000|100%| E|CS|TAMS 0x0000000094a00000| PB 0x0000000094a00000| Complete 
| 331|0x0000000094b00000, 0x0000000094c00000, 0x0000000094c00000|100%| E|CS|TAMS 0x0000000094b00000| PB 0x0000000094b00000| Complete 
| 332|0x0000000094c00000, 0x0000000094d00000, 0x0000000094d00000|100%| E|CS|TAMS 0x0000000094c00000| PB 0x0000000094c00000| Complete 
| 333|0x0000000094d00000, 0x0000000094e00000, 0x0000000094e00000|100%| E|CS|TAMS 0x0000000094d00000| PB 0x0000000094d00000| Complete 
| 334|0x0000000094e00000, 0x0000000094f00000, 0x0000000094f00000|100%| E|CS|TAMS 0x0000000094e00000| PB 0x0000000094e00000| Complete 
| 335|0x0000000094f00000, 0x0000000095000000, 0x0000000095000000|100%| E|CS|TAMS 0x0000000094f00000| PB 0x0000000094f00000| Complete 
| 336|0x0000000095000000, 0x0000000095100000, 0x0000000095100000|100%| E|CS|TAMS 0x0000000095000000| PB 0x0000000095000000| Complete 
| 337|0x0000000095100000, 0x0000000095200000, 0x0000000095200000|100%| E|CS|TAMS 0x0000000095100000| PB 0x0000000095100000| Complete 
| 338|0x0000000095200000, 0x0000000095300000, 0x0000000095300000|100%| E|CS|TAMS 0x0000000095200000| PB 0x0000000095200000| Complete 
| 339|0x0000000095300000, 0x0000000095400000, 0x0000000095400000|100%| E|CS|TAMS 0x0000000095300000| PB 0x0000000095300000| Complete 
| 340|0x0000000095400000, 0x0000000095500000, 0x0000000095500000|100%| E|CS|TAMS 0x0000000095400000| PB 0x0000000095400000| Complete 
| 341|0x0000000095500000, 0x0000000095600000, 0x0000000095600000|100%| E|CS|TAMS 0x0000000095500000| PB 0x0000000095500000| Complete 
| 342|0x0000000095600000, 0x0000000095700000, 0x0000000095700000|100%| E|CS|TAMS 0x0000000095600000| PB 0x0000000095600000| Complete 
| 343|0x0000000095700000, 0x0000000095800000, 0x0000000095800000|100%| E|CS|TAMS 0x0000000095700000| PB 0x0000000095700000| Complete 
| 344|0x0000000095800000, 0x0000000095900000, 0x0000000095900000|100%| E|CS|TAMS 0x0000000095800000| PB 0x0000000095800000| Complete 
| 345|0x0000000095900000, 0x0000000095a00000, 0x0000000095a00000|100%| E|CS|TAMS 0x0000000095900000| PB 0x0000000095900000| Complete 
| 346|0x0000000095a00000, 0x0000000095b00000, 0x0000000095b00000|100%| E|CS|TAMS 0x0000000095a00000| PB 0x0000000095a00000| Complete 
| 347|0x0000000095b00000, 0x0000000095c00000, 0x0000000095c00000|100%| E|CS|TAMS 0x0000000095b00000| PB 0x0000000095b00000| Complete 
| 348|0x0000000095c00000, 0x0000000095d00000, 0x0000000095d00000|100%| E|CS|TAMS 0x0000000095c00000| PB 0x0000000095c00000| Complete 
| 349|0x0000000095d00000, 0x0000000095e00000, 0x0000000095e00000|100%| E|CS|TAMS 0x0000000095d00000| PB 0x0000000095d00000| Complete 
| 350|0x0000000095e00000, 0x0000000095f00000, 0x0000000095f00000|100%| E|CS|TAMS 0x0000000095e00000| PB 0x0000000095e00000| Complete 
| 351|0x0000000095f00000, 0x0000000096000000, 0x0000000096000000|100%| E|CS|TAMS 0x0000000095f00000| PB 0x0000000095f00000| Complete 
| 352|0x0000000096000000, 0x0000000096100000, 0x0000000096100000|100%| E|CS|TAMS 0x0000000096000000| PB 0x0000000096000000| Complete 
| 353|0x0000000096100000, 0x0000000096200000, 0x0000000096200000|100%| E|CS|TAMS 0x0000000096100000| PB 0x0000000096100000| Complete 
| 354|0x0000000096200000, 0x0000000096300000, 0x0000000096300000|100%| E|CS|TAMS 0x0000000096200000| PB 0x0000000096200000| Complete 
| 355|0x0000000096300000, 0x0000000096400000, 0x0000000096400000|100%| E|CS|TAMS 0x0000000096300000| PB 0x0000000096300000| Complete 
| 356|0x0000000096400000, 0x0000000096500000, 0x0000000096500000|100%| E|CS|TAMS 0x0000000096400000| PB 0x0000000096400000| Complete 
| 357|0x0000000096500000, 0x0000000096600000, 0x0000000096600000|100%| E|CS|TAMS 0x0000000096500000| PB 0x0000000096500000| Complete 
| 358|0x0000000096600000, 0x0000000096700000, 0x0000000096700000|100%| E|CS|TAMS 0x0000000096600000| PB 0x0000000096600000| Complete 
| 359|0x0000000096700000, 0x0000000096800000, 0x0000000096800000|100%| E|CS|TAMS 0x0000000096700000| PB 0x0000000096700000| Complete 
| 360|0x0000000096800000, 0x0000000096900000, 0x0000000096900000|100%| E|CS|TAMS 0x0000000096800000| PB 0x0000000096800000| Complete 
| 361|0x0000000096900000, 0x0000000096a00000, 0x0000000096a00000|100%| E|CS|TAMS 0x0000000096900000| PB 0x0000000096900000| Complete 
| 362|0x0000000096a00000, 0x0000000096b00000, 0x0000000096b00000|100%| E|CS|TAMS 0x0000000096a00000| PB 0x0000000096a00000| Complete 
| 363|0x0000000096b00000, 0x0000000096c00000, 0x0000000096c00000|100%| E|CS|TAMS 0x0000000096b00000| PB 0x0000000096b00000| Complete 
| 364|0x0000000096c00000, 0x0000000096d00000, 0x0000000096d00000|100%| E|CS|TAMS 0x0000000096c00000| PB 0x0000000096c00000| Complete 
| 365|0x0000000096d00000, 0x0000000096e00000, 0x0000000096e00000|100%| E|CS|TAMS 0x0000000096d00000| PB 0x0000000096d00000| Complete 
| 366|0x0000000096e00000, 0x0000000096f00000, 0x0000000096f00000|100%| E|CS|TAMS 0x0000000096e00000| PB 0x0000000096e00000| Complete 
| 367|0x0000000096f00000, 0x0000000097000000, 0x0000000097000000|100%| E|CS|TAMS 0x0000000096f00000| PB 0x0000000096f00000| Complete 
| 368|0x0000000097000000, 0x0000000097100000, 0x0000000097100000|100%| E|CS|TAMS 0x0000000097000000| PB 0x0000000097000000| Complete 
| 369|0x0000000097100000, 0x0000000097200000, 0x0000000097200000|100%| E|CS|TAMS 0x0000000097100000| PB 0x0000000097100000| Complete 
| 370|0x0000000097200000, 0x0000000097300000, 0x0000000097300000|100%| E|CS|TAMS 0x0000000097200000| PB 0x0000000097200000| Complete 
| 371|0x0000000097300000, 0x0000000097400000, 0x0000000097400000|100%| E|CS|TAMS 0x0000000097300000| PB 0x0000000097300000| Complete 
| 372|0x0000000097400000, 0x0000000097500000, 0x0000000097500000|100%| E|CS|TAMS 0x0000000097400000| PB 0x0000000097400000| Complete 
| 373|0x0000000097500000, 0x0000000097600000, 0x0000000097600000|100%| E|CS|TAMS 0x0000000097500000| PB 0x0000000097500000| Complete 
| 374|0x0000000097600000, 0x0000000097700000, 0x0000000097700000|100%| E|CS|TAMS 0x0000000097600000| PB 0x0000000097600000| Complete 
| 375|0x0000000097700000, 0x0000000097800000, 0x0000000097800000|100%| E|CS|TAMS 0x0000000097700000| PB 0x0000000097700000| Complete 
| 376|0x0000000097800000, 0x0000000097900000, 0x0000000097900000|100%| E|CS|TAMS 0x0000000097800000| PB 0x0000000097800000| Complete 
| 377|0x0000000097900000, 0x0000000097a00000, 0x0000000097a00000|100%| E|CS|TAMS 0x0000000097900000| PB 0x0000000097900000| Complete 
| 378|0x0000000097a00000, 0x0000000097b00000, 0x0000000097b00000|100%| E|CS|TAMS 0x0000000097a00000| PB 0x0000000097a00000| Complete 
| 379|0x0000000097b00000, 0x0000000097c00000, 0x0000000097c00000|100%| E|CS|TAMS 0x0000000097b00000| PB 0x0000000097b00000| Complete 
| 380|0x0000000097c00000, 0x0000000097d00000, 0x0000000097d00000|100%| E|CS|TAMS 0x0000000097c00000| PB 0x0000000097c00000| Complete 
| 381|0x0000000097d00000, 0x0000000097e00000, 0x0000000097e00000|100%| E|CS|TAMS 0x0000000097d00000| PB 0x0000000097d00000| Complete 
| 382|0x0000000097e00000, 0x0000000097f00000, 0x0000000097f00000|100%| E|CS|TAMS 0x0000000097e00000| PB 0x0000000097e00000| Complete 
| 383|0x0000000097f00000, 0x0000000098000000, 0x0000000098000000|100%| E|CS|TAMS 0x0000000097f00000| PB 0x0000000097f00000| Complete 
| 384|0x0000000098000000, 0x0000000098100000, 0x0000000098100000|100%| E|CS|TAMS 0x0000000098000000| PB 0x0000000098000000| Complete 
| 385|0x0000000098100000, 0x0000000098200000, 0x0000000098200000|100%| E|CS|TAMS 0x0000000098100000| PB 0x0000000098100000| Complete 
| 386|0x0000000098200000, 0x0000000098300000, 0x0000000098300000|100%| E|CS|TAMS 0x0000000098200000| PB 0x0000000098200000| Complete 
| 387|0x0000000098300000, 0x0000000098400000, 0x0000000098400000|100%| E|CS|TAMS 0x0000000098300000| PB 0x0000000098300000| Complete 
| 388|0x0000000098400000, 0x0000000098500000, 0x0000000098500000|100%| E|CS|TAMS 0x0000000098400000| PB 0x0000000098400000| Complete 
| 389|0x0000000098500000, 0x0000000098600000, 0x0000000098600000|100%| E|CS|TAMS 0x0000000098500000| PB 0x0000000098500000| Complete 
| 390|0x0000000098600000, 0x0000000098700000, 0x0000000098700000|100%| E|CS|TAMS 0x0000000098600000| PB 0x0000000098600000| Complete 
| 391|0x0000000098700000, 0x0000000098800000, 0x0000000098800000|100%| E|CS|TAMS 0x0000000098700000| PB 0x0000000098700000| Complete 
| 392|0x0000000098800000, 0x0000000098900000, 0x0000000098900000|100%| E|CS|TAMS 0x0000000098800000| PB 0x0000000098800000| Complete 
| 393|0x0000000098900000, 0x0000000098a00000, 0x0000000098a00000|100%| E|CS|TAMS 0x0000000098900000| PB 0x0000000098900000| Complete 
| 394|0x0000000098a00000, 0x0000000098b00000, 0x0000000098b00000|100%| E|CS|TAMS 0x0000000098a00000| PB 0x0000000098a00000| Complete 
| 395|0x0000000098b00000, 0x0000000098c00000, 0x0000000098c00000|100%| E|CS|TAMS 0x0000000098b00000| PB 0x0000000098b00000| Complete 
| 396|0x0000000098c00000, 0x0000000098d00000, 0x0000000098d00000|100%| E|CS|TAMS 0x0000000098c00000| PB 0x0000000098c00000| Complete 
| 397|0x0000000098d00000, 0x0000000098e00000, 0x0000000098e00000|100%| E|CS|TAMS 0x0000000098d00000| PB 0x0000000098d00000| Complete 
| 398|0x0000000098e00000, 0x0000000098f00000, 0x0000000098f00000|100%| E|CS|TAMS 0x0000000098e00000| PB 0x0000000098e00000| Complete 
| 399|0x0000000098f00000, 0x0000000099000000, 0x0000000099000000|100%| E|CS|TAMS 0x0000000098f00000| PB 0x0000000098f00000| Complete 
| 400|0x0000000099000000, 0x0000000099100000, 0x0000000099100000|100%| E|CS|TAMS 0x0000000099000000| PB 0x0000000099000000| Complete 
| 401|0x0000000099100000, 0x0000000099200000, 0x0000000099200000|100%| E|CS|TAMS 0x0000000099100000| PB 0x0000000099100000| Complete 
| 402|0x0000000099200000, 0x0000000099300000, 0x0000000099300000|100%| E|CS|TAMS 0x0000000099200000| PB 0x0000000099200000| Complete 
| 403|0x0000000099300000, 0x0000000099400000, 0x0000000099400000|100%| E|CS|TAMS 0x0000000099300000| PB 0x0000000099300000| Complete 
| 404|0x0000000099400000, 0x0000000099500000, 0x0000000099500000|100%| E|CS|TAMS 0x0000000099400000| PB 0x0000000099400000| Complete 
| 405|0x0000000099500000, 0x0000000099600000, 0x0000000099600000|100%| E|CS|TAMS 0x0000000099500000| PB 0x0000000099500000| Complete 
| 406|0x0000000099600000, 0x0000000099700000, 0x0000000099700000|100%| E|CS|TAMS 0x0000000099600000| PB 0x0000000099600000| Complete 
| 407|0x0000000099700000, 0x0000000099800000, 0x0000000099800000|100%| E|CS|TAMS 0x0000000099700000| PB 0x0000000099700000| Complete 
| 408|0x0000000099800000, 0x0000000099900000, 0x0000000099900000|100%| E|CS|TAMS 0x0000000099800000| PB 0x0000000099800000| Complete 
| 409|0x0000000099900000, 0x0000000099a00000, 0x0000000099a00000|100%| E|CS|TAMS 0x0000000099900000| PB 0x0000000099900000| Complete 
| 410|0x0000000099a00000, 0x0000000099b00000, 0x0000000099b00000|100%| E|CS|TAMS 0x0000000099a00000| PB 0x0000000099a00000| Complete 
| 411|0x0000000099b00000, 0x0000000099c00000, 0x0000000099c00000|100%| E|CS|TAMS 0x0000000099b00000| PB 0x0000000099b00000| Complete 
| 412|0x0000000099c00000, 0x0000000099d00000, 0x0000000099d00000|100%| E|CS|TAMS 0x0000000099c00000| PB 0x0000000099c00000| Complete 
| 413|0x0000000099d00000, 0x0000000099e00000, 0x0000000099e00000|100%| E|CS|TAMS 0x0000000099d00000| PB 0x0000000099d00000| Complete 
|2041|0x00000000ff900000, 0x00000000ffa00000, 0x00000000ffa00000|100%| O|  |TAMS 0x00000000ff900000| PB 0x00000000ff900000| Untracked 
|2043|0x00000000ffb00000, 0x00000000ffc00000, 0x00000000ffc00000|100%| O|  |TAMS 0x00000000ffb00000| PB 0x00000000ffb00000| Untracked 
|2044|0x00000000ffc00000, 0x00000000ffd00000, 0x00000000ffd00000|100%| O|  |TAMS 0x00000000ffc00000| PB 0x00000000ffc00000| Untracked 
|2045|0x00000000ffd00000, 0x00000000ffe00000, 0x00000000ffe00000|100%| E|CS|TAMS 0x00000000ffd00000| PB 0x00000000ffd00000| Complete 
|2046|0x00000000ffe00000, 0x00000000fff00000, 0x00000000fff00000|100%| O|  |TAMS 0x00000000ffe00000| PB 0x00000000ffe00000| Untracked 
|2047|0x00000000fff00000, 0x0000000100000000, 0x0000000100000000|100%| O|  |TAMS 0x00000000fff00000| PB 0x00000000fff00000| Untracked 

Card table byte_map: [0x0000020300400000,0x0000020300800000] _byte_map_base: 0x0000020300000000

Marking Bits: (CMBitMap*) 0x000002036d2b5340
 Bits: [0x0000020300800000, 0x0000020302800000)

Polling page: 0x000002036b0b0000

Metaspace:

Usage:
  Non-class:    116.57 MB used.
      Class:     18.03 MB used.
       Both:    134.59 MB used.

Virtual space:
  Non-class space:      128.00 MB reserved,     117.31 MB ( 92%) committed,  2 nodes.
      Class space:        1.00 GB reserved,      19.12 MB (  2%) committed,  1 nodes.
             Both:        1.12 GB reserved,     136.44 MB ( 12%) committed. 

Chunk freelists:
   Non-Class:  10.42 MB
       Class:  13.33 MB
        Both:  23.75 MB

MaxMetaspaceSize: unlimited
CompressedClassSpaceSize: 1.00 GB
Initial GC threshold: 21.00 MB
Current GC threshold: 227.19 MB
CDS: off
 - commit_granule_bytes: 65536.
 - commit_granule_words: 8192.
 - virtual_space_node_default_size: 8388608.
 - enlarge_chunks_in_place: 1.
 - use_allocation_guard: 0.


Internal statistics:

num_allocs_failed_limit: 16.
num_arena_births: 6610.
num_arena_deaths: 4084.
num_vsnodes_births: 3.
num_vsnodes_deaths: 0.
num_space_committed: 2220.
num_space_uncommitted: 10.
num_chunks_returned_to_freelist: 5123.
num_chunks_taken_from_freelist: 13949.
num_chunk_merges: 1786.
num_chunk_splits: 8005.
num_chunks_enlarged: 4768.
num_inconsistent_stats: 0.

CodeHeap 'non-profiled nmethods': size=119168Kb used=12674Kb max_used=18325Kb free=106493Kb
 bounds [0x0000020377f70000, 0x0000020379160000, 0x000002037f3d0000]
CodeHeap 'profiled nmethods': size=119104Kb used=18306Kb max_used=42721Kb free=100797Kb
 bounds [0x00000203703d0000, 0x0000020372d90000, 0x0000020377820000]
CodeHeap 'non-nmethods': size=7488Kb used=3788Kb max_used=3915Kb free=3699Kb
 bounds [0x0000020377820000, 0x0000020377c00000, 0x0000020377f70000]
CodeCache: size=245760Kb, used=34768Kb, max_used=64961Kb, free=210989Kb
 total_blobs=12001, nmethods=11035, adapters=866, full_count=0
Compilation: enabled, stopped_count=0, restarted_count=0

Compilation events (20 events):
Event: 10871.602 Thread 0x0000020312dbfd90 nmethod 45907 0x000002037051f690 code [0x000002037051f940, 0x0000020370520608]
Event: 10871.602 Thread 0x0000020312dc1fa0 nmethod 45912 0x000002037051ef10 code [0x000002037051f100, 0x000002037051f4d8]
Event: 10871.602 Thread 0x00000203055d5d90 nmethod 45911 0x000002037051ea10 code [0x000002037051ebe0, 0x000002037051ee18]
Event: 10871.602 Thread 0x0000020311a7a330 nmethod 45910 0x000002037051da90 code [0x000002037051dd20, 0x000002037051e610]
Event: 10871.603 Thread 0x0000020312dc1fa0 45913       3       java.lang.invoke.LambdaForm$DMH/0x00000001002e8000::invokeStatic (31 bytes)
Event: 10871.604 Thread 0x0000020312dc1fa0 nmethod 45913 0x000002037051d490 code [0x000002037051d660, 0x000002037051d988]
Event: 10871.606 Thread 0x0000020311a7a330 45914   !   3       java.net.URLClassLoader$1::run (81 bytes)
Event: 10871.606 Thread 0x00000203055c7d30 45915       4       java.util.zip.ZipCoder$UTF8ZipCoder::hasTrailingSlash (20 bytes)
Event: 10871.607 Thread 0x00000203055c7d30 nmethod 45915 0x0000020378fd2890 code [0x0000020378fd2a20, 0x0000020378fd2b20]
Event: 10871.607 Thread 0x0000020311a7a330 nmethod 45914 0x000002037051b210 code [0x000002037051b5e0, 0x000002037051cbf0]
Event: 10871.612 Thread 0x0000020311a7be70 45916       4       org.gradle.internal.reflect.annotations.impl.DefaultTypeAnnotationMetadataStore$$Lambda/0x000000010075cd40::apply (8 bytes)
Event: 10871.612 Thread 0x0000020312dbfd90 45917       3       java.util.HashMap$Values::toArray (18 bytes)
Event: 10871.612 Thread 0x0000020311a77380 45918       4       org.gradle.internal.reflect.annotations.impl.DefaultTypeAnnotationMetadataStore$$Lambda/0x0000000100761e20::apply (8 bytes)
Event: 10871.612 Thread 0x0000020312dbfd90 nmethod 45917 0x000002037051ad10 code [0x000002037051aec0, 0x000002037051b118]
Event: 10871.613 Thread 0x0000020311a7be70 nmethod 45916 0x00000203788bad10 code [0x00000203788baea0, 0x00000203788baf68]
Event: 10871.613 Thread 0x0000020311a77380 nmethod 45918 0x0000020378779190 code [0x0000020378779320, 0x00000203787793e8]
Event: 10871.615 Thread 0x0000020312dc0460 45919       4       com.google.common.collect.Multimaps$CustomSetMultimap::createCollection (5 bytes)
Event: 10871.615 Thread 0x0000020311a7be70 45920       4       com.google.common.collect.MultimapBuilder$LinkedHashSetSupplier::get (5 bytes)
Event: 10871.617 Thread 0x0000020311a7be70 nmethod 45920 0x0000020378778a10 code [0x0000020378778be0, 0x0000020378778ef0]
Event: 10871.617 Thread 0x0000020312dc0460 nmethod 45919 0x0000020378778210 code [0x00000203787783e0, 0x0000020378778738]

GC Heap History (20 events):
Event: 9051.765 GC heap before
{Heap before GC invocations=121 (full 0):
 garbage-first heap   total 430080K, used 388234K [0x0000000080000000, 0x0000000100000000)
  region size 1024K, 252 young (258048K), 28 survivors (28672K)
 Metaspace       used 133341K, committed 137280K, reserved 1179648K
  class space    used 17828K, committed 19584K, reserved 1048576K
}
Event: 9051.772 GC heap after
{Heap after GC invocations=122 (full 0):
 garbage-first heap   total 430080K, used 159578K [0x0000000080000000, 0x0000000100000000)
  region size 1024K, 14 young (14336K), 14 survivors (14336K)
 Metaspace       used 133341K, committed 137280K, reserved 1179648K
  class space    used 17828K, committed 19584K, reserved 1048576K
}
Event: 9244.582 GC heap before
{Heap before GC invocations=123 (full 0):
 garbage-first heap   total 430080K, used 399194K [0x0000000080000000, 0x0000000100000000)
  region size 1024K, 248 young (253952K), 14 survivors (14336K)
 Metaspace       used 133341K, committed 137280K, reserved 1179648K
  class space    used 17828K, committed 19584K, reserved 1048576K
}
Event: 9244.586 GC heap after
{Heap after GC invocations=124 (full 0):
 garbage-first heap   total 430080K, used 159012K [0x0000000080000000, 0x0000000100000000)
  region size 1024K, 14 young (14336K), 14 survivors (14336K)
 Metaspace       used 133341K, committed 137280K, reserved 1179648K
  class space    used 17828K, committed 19584K, reserved 1048576K
}
Event: 9441.769 GC heap before
{Heap before GC invocations=124 (full 0):
 garbage-first heap   total 430080K, used 402724K [0x0000000080000000, 0x0000000100000000)
  region size 1024K, 252 young (258048K), 14 survivors (14336K)
 Metaspace       used 133343K, committed 137280K, reserved 1179648K
  class space    used 17828K, committed 19584K, reserved 1048576K
}
Event: 9441.773 GC heap after
{Heap after GC invocations=125 (full 0):
 garbage-first heap   total 430080K, used 152865K [0x0000000080000000, 0x0000000100000000)
  region size 1024K, 13 young (13312K), 13 survivors (13312K)
 Metaspace       used 133343K, committed 137280K, reserved 1179648K
  class space    used 17828K, committed 19584K, reserved 1048576K
}
Event: 9641.766 GC heap before
{Heap before GC invocations=125 (full 0):
 garbage-first heap   total 430080K, used 397601K [0x0000000080000000, 0x0000000100000000)
  region size 1024K, 252 young (258048K), 13 survivors (13312K)
 Metaspace       used 133343K, committed 137280K, reserved 1179648K
  class space    used 17828K, committed 19584K, reserved 1048576K
}
Event: 9641.770 GC heap after
{Heap after GC invocations=126 (full 0):
 garbage-first heap   total 430080K, used 153097K [0x0000000080000000, 0x0000000100000000)
  region size 1024K, 14 young (14336K), 14 survivors (14336K)
 Metaspace       used 133343K, committed 137280K, reserved 1179648K
  class space    used 17828K, committed 19584K, reserved 1048576K
}
Event: 9841.765 GC heap before
{Heap before GC invocations=127 (full 0):
 garbage-first heap   total 430080K, used 395785K [0x0000000080000000, 0x0000000100000000)
  region size 1024K, 252 young (258048K), 14 survivors (14336K)
 Metaspace       used 133339K, committed 137280K, reserved 1179648K
  class space    used 17828K, committed 19584K, reserved 1048576K
}
Event: 9841.769 GC heap after
{Heap after GC invocations=128 (full 0):
 garbage-first heap   total 430080K, used 151884K [0x0000000080000000, 0x0000000100000000)
  region size 1024K, 13 young (13312K), 13 survivors (13312K)
 Metaspace       used 133339K, committed 137280K, reserved 1179648K
  class space    used 17828K, committed 19584K, reserved 1048576K
}
Event: 10091.772 GC heap before
{Heap before GC invocations=128 (full 0):
 garbage-first heap   total 430080K, used 396620K [0x0000000080000000, 0x0000000100000000)
  region size 1024K, 252 young (258048K), 13 survivors (13312K)
 Metaspace       used 133341K, committed 137280K, reserved 1179648K
  class space    used 17828K, committed 19584K, reserved 1048576K
}
Event: 10091.775 GC heap after
{Heap after GC invocations=129 (full 0):
 garbage-first heap   total 430080K, used 144886K [0x0000000080000000, 0x0000000100000000)
  region size 1024K, 13 young (13312K), 13 survivors (13312K)
 Metaspace       used 133341K, committed 137280K, reserved 1179648K
  class space    used 17828K, committed 19584K, reserved 1048576K
}
Event: 10322.926 GC heap before
{Heap before GC invocations=129 (full 0):
 garbage-first heap   total 430080K, used 389622K [0x0000000080000000, 0x0000000100000000)
  region size 1024K, 252 young (258048K), 13 survivors (13312K)
 Metaspace       used 133341K, committed 137280K, reserved 1179648K
  class space    used 17828K, committed 19584K, reserved 1048576K
}
Event: 10322.929 GC heap after
{Heap after GC invocations=130 (full 0):
 garbage-first heap   total 430080K, used 144886K [0x0000000080000000, 0x0000000100000000)
  region size 1024K, 13 young (13312K), 13 survivors (13312K)
 Metaspace       used 133341K, committed 137280K, reserved 1179648K
  class space    used 17828K, committed 19584K, reserved 1048576K
}
Event: 10581.761 GC heap before
{Heap before GC invocations=131 (full 0):
 garbage-first heap   total 430080K, used 389622K [0x0000000080000000, 0x0000000100000000)
  region size 1024K, 252 young (258048K), 13 survivors (13312K)
 Metaspace       used 133341K, committed 137280K, reserved 1179648K
  class space    used 17828K, committed 19584K, reserved 1048576K
}
Event: 10581.765 GC heap after
{Heap after GC invocations=132 (full 0):
 garbage-first heap   total 430080K, used 144886K [0x0000000080000000, 0x0000000100000000)
  region size 1024K, 13 young (13312K), 13 survivors (13312K)
 Metaspace       used 133341K, committed 137280K, reserved 1179648K
  class space    used 17828K, committed 19584K, reserved 1048576K
}
Event: 10831.767 GC heap before
{Heap before GC invocations=132 (full 0):
 garbage-first heap   total 430080K, used 389622K [0x0000000080000000, 0x0000000100000000)
  region size 1024K, 252 young (258048K), 13 survivors (13312K)
 Metaspace       used 133347K, committed 137280K, reserved 1179648K
  class space    used 17830K, committed 19584K, reserved 1048576K
}
Event: 10831.771 GC heap after
{Heap after GC invocations=133 (full 0):
 garbage-first heap   total 430080K, used 140265K [0x0000000080000000, 0x0000000100000000)
  region size 1024K, 13 young (13312K), 13 survivors (13312K)
 Metaspace       used 133347K, committed 137280K, reserved 1179648K
  class space    used 17830K, committed 19584K, reserved 1048576K
}
Event: 10869.623 GC heap before
{Heap before GC invocations=133 (full 0):
 garbage-first heap   total 430080K, used 385001K [0x0000000080000000, 0x0000000100000000)
  region size 1024K, 252 young (258048K), 13 survivors (13312K)
 Metaspace       used 134740K, committed 137344K, reserved 1179648K
  class space    used 18058K, committed 19584K, reserved 1048576K
}
Event: 10869.629 GC heap after
{Heap after GC invocations=134 (full 0):
 garbage-first heap   total 430080K, used 145666K [0x0000000080000000, 0x0000000100000000)
  region size 1024K, 19 young (19456K), 19 survivors (19456K)
 Metaspace       used 134740K, committed 137344K, reserved 1179648K
  class space    used 18058K, committed 19584K, reserved 1048576K
}

Dll operation events (3 events):
Event: 0.012 Loaded shared library C:\Program Files\Android\Android Studio\jbr\bin\java.dll
Event: 0.016 Loaded shared library C:\Program Files\Android\Android Studio\jbr\bin\zip.dll
Event: 0.540 Loaded shared library C:\Program Files\Android\Android Studio\jbr\bin\verify.dll

Deoptimization events (20 events):
Event: 10871.437 Thread 0x0000020310ec8df0 Uncommon trap: trap_request=0xffffff45 fr.pc=0x0000020378dd7394 relative=0x00000000000002d4
Event: 10871.437 Thread 0x0000020310ec8df0 Uncommon trap: reason=unstable_if action=reinterpret pc=0x0000020378dd7394 method=it.unimi.dsi.fastutil.objects.ReferenceOpenHashSet.add(Ljava/lang/Object;)Z @ 104 c2
Event: 10871.437 Thread 0x0000020310ec8df0 DEOPT PACKING pc=0x0000020378dd7394 sp=0x000000bf804fa5a0
Event: 10871.437 Thread 0x0000020310ec8df0 DEOPT UNPACKING pc=0x00000203778743a2 sp=0x000000bf804fa540 mode 2
Event: 10871.463 Thread 0x0000020310ec8df0 Uncommon trap: trap_request=0xfffffff4 fr.pc=0x0000020379147888 relative=0x0000000000001328
Event: 10871.463 Thread 0x0000020310ec8df0 Uncommon trap: reason=null_check action=make_not_entrant pc=0x0000020379147888 method=org.gradle.internal.instantiation.generator.AbstractClassGenerator$BooleanPropertyDeprecatingValidator.validateProperty(Lorg/gradle/internal/reflect/PropertyDetails;)V @
Event: 10871.463 Thread 0x0000020310ec8df0 DEOPT PACKING pc=0x0000020379147888 sp=0x000000bf804f8cd0
Event: 10871.463 Thread 0x0000020310ec8df0 DEOPT UNPACKING pc=0x00000203778743a2 sp=0x000000bf804f8c88 mode 2
Event: 10871.463 Thread 0x0000020310ec8df0 Uncommon trap: trap_request=0xfffffff4 fr.pc=0x0000020378bd9adc relative=0x000000000000099c
Event: 10871.470 Thread 0x0000020310ec8df0 Uncommon trap: reason=null_check action=make_not_entrant pc=0x0000020378bd9adc method=org.gradle.internal.instantiation.generator.AbstractClassGenerator$DslMixInPropertyType.visitProperty(Lorg/gradle/internal/instantiation/generator/AbstractClassGenerator
Event: 10871.470 Thread 0x0000020310ec8df0 DEOPT PACKING pc=0x0000020378bd9adc sp=0x000000bf804f8cc0
Event: 10871.470 Thread 0x0000020310ec8df0 DEOPT UNPACKING pc=0x00000203778743a2 sp=0x000000bf804f8c98 mode 2
Event: 10871.470 Thread 0x0000020310ec8df0 Uncommon trap: trap_request=0xfffffff4 fr.pc=0x0000020378f451c8 relative=0x00000000000002a8
Event: 10871.470 Thread 0x0000020310ec8df0 Uncommon trap: reason=null_check action=make_not_entrant pc=0x0000020378f451c8 method=org.gradle.internal.instantiation.generator.AbstractClassGenerator.isIneligibleForConventionMapping(Lorg/gradle/internal/instantiation/generator/AbstractClassGenerator$P
Event: 10871.470 Thread 0x0000020310ec8df0 DEOPT PACKING pc=0x0000020378f451c8 sp=0x000000bf804f8cc0
Event: 10871.470 Thread 0x0000020310ec8df0 DEOPT UNPACKING pc=0x00000203778743a2 sp=0x000000bf804f8c50 mode 2
Event: 10871.569 Thread 0x0000020310ec8df0 Uncommon trap: trap_request=0xfffffff4 fr.pc=0x00000203788bd174 relative=0x0000000000000354
Event: 10871.569 Thread 0x0000020310ec8df0 Uncommon trap: reason=null_check action=make_not_entrant pc=0x00000203788bd174 method=org.gradle.internal.instantiation.generator.AbstractClassGenerator.isIneligibleForConventionMapping(Lorg/gradle/internal/instantiation/generator/AbstractClassGenerator$P
Event: 10871.569 Thread 0x0000020310ec8df0 DEOPT PACKING pc=0x00000203788bd174 sp=0x000000bf804f89d0
Event: 10871.569 Thread 0x0000020310ec8df0 DEOPT UNPACKING pc=0x00000203778743a2 sp=0x000000bf804f8980 mode 2

Classes loaded (20 events):
Event: 10870.622 Loading class java/io/FileBeanInfo
Event: 10870.622 Loading class java/io/FileBeanInfo done
Event: 10870.623 Loading class java/io/FileBeanInfo
Event: 10870.623 Loading class java/io/FileBeanInfo done
Event: 10870.623 Loading class java/io/FileCustomizer
Event: 10870.623 Loading class java/io/FileCustomizer done
Event: 10870.623 Loading class java/io/FileCustomizer
Event: 10870.623 Loading class java/io/FileCustomizer done
Event: 10870.649 Loading class java/util/AbstractCollectionBeanInfo
Event: 10870.649 Loading class java/util/AbstractCollectionBeanInfo done
Event: 10870.650 Loading class java/util/AbstractCollectionBeanInfo
Event: 10870.650 Loading class java/util/AbstractCollectionBeanInfo done
Event: 10870.650 Loading class java/util/AbstractCollectionCustomizer
Event: 10870.650 Loading class java/util/AbstractCollectionCustomizer done
Event: 10870.650 Loading class java/util/AbstractCollectionCustomizer
Event: 10870.650 Loading class java/util/AbstractCollectionCustomizer done
Event: 10870.665 Loading class java/util/stream/SortedOps$RefSortingSink
Event: 10870.666 Loading class java/util/stream/SortedOps$RefSortingSink done
Event: 10870.672 Loading class java/time/Ser
Event: 10870.672 Loading class java/time/Ser done

Classes unloaded (20 events):
Event: 10869.684 Thread 0x000002030549e860 Unloading class 0x0000000100fbcc00 'java/lang/invoke/LambdaForm$MH+0x0000000100fbcc00'
Event: 10869.684 Thread 0x000002030549e860 Unloading class 0x000000010100c400 'java/lang/invoke/LambdaForm$MH+0x000000010100c400'
Event: 10869.684 Thread 0x000002030549e860 Unloading class 0x00000001010f9000 'java/lang/invoke/LambdaForm$MH+0x00000001010f9000'
Event: 10869.684 Thread 0x000002030549e860 Unloading class 0x000000010112c800 'java/lang/invoke/LambdaForm$MH+0x000000010112c800'
Event: 10869.684 Thread 0x000002030549e860 Unloading class 0x000000010112d400 'java/lang/invoke/LambdaForm$MH+0x000000010112d400'
Event: 10869.684 Thread 0x000002030549e860 Unloading class 0x000000010112f400 'java/lang/invoke/LambdaForm$MH+0x000000010112f400'
Event: 10869.684 Thread 0x000002030549e860 Unloading class 0x0000000101131800 'java/lang/invoke/LambdaForm$MH+0x0000000101131800'
Event: 10869.684 Thread 0x000002030549e860 Unloading class 0x00000001011e6000 'java/lang/invoke/LambdaForm$MH+0x00000001011e6000'
Event: 10869.684 Thread 0x000002030549e860 Unloading class 0x00000001011ee800 'java/lang/invoke/LambdaForm$MH+0x00000001011ee800'
Event: 10869.684 Thread 0x000002030549e860 Unloading class 0x00000001012b5800 'java/lang/invoke/LambdaForm$MH+0x00000001012b5800'
Event: 10869.684 Thread 0x000002030549e860 Unloading class 0x00000001012c0000 'java/lang/invoke/LambdaForm$MH+0x00000001012c0000'
Event: 10869.684 Thread 0x000002030549e860 Unloading class 0x00000001012d2000 'java/lang/invoke/LambdaForm$MH+0x00000001012d2000'
Event: 10869.684 Thread 0x000002030549e860 Unloading class 0x00000001012d2c00 'java/lang/invoke/LambdaForm$MH+0x00000001012d2c00'
Event: 10869.684 Thread 0x000002030549e860 Unloading class 0x000000010133d400 'java/lang/invoke/LambdaForm$MH+0x000000010133d400'
Event: 10869.684 Thread 0x000002030549e860 Unloading class 0x000000010133d800 'java/lang/invoke/LambdaForm$MH+0x000000010133d800'
Event: 10869.684 Thread 0x000002030549e860 Unloading class 0x000000010133e800 'java/lang/invoke/LambdaForm$MH+0x000000010133e800'
Event: 10869.684 Thread 0x000002030549e860 Unloading class 0x0000000101339c00 'java/lang/invoke/LambdaForm$MH+0x0000000101339c00'
Event: 10869.684 Thread 0x000002030549e860 Unloading class 0x0000000101338800 'java/lang/invoke/LambdaForm$MH+0x0000000101338800'
Event: 10869.684 Thread 0x000002030549e860 Unloading class 0x000000010130d400 'java/lang/invoke/LambdaForm$MH+0x000000010130d400'
Event: 10869.684 Thread 0x000002030549e860 Unloading class 0x0000000101302800 'java/lang/invoke/LambdaForm$MH+0x0000000101302800'

Classes redefined (0 events):
No events

Internal exceptions (20 events):
Event: 10871.361 Thread 0x0000020310ec8df0 Exception <a 'sun/nio/fs/WindowsException'{0x000000008e35f8e8}> (0x000000008e35f8e8) 
thrown [s\src\hotspot\share\prims\jni.cpp, line 537]
Event: 10871.381 Thread 0x0000020310ec8df0 Exception <a 'sun/nio/fs/WindowsException'{0x000000008e2a78b0}> (0x000000008e2a78b0) 
thrown [s\src\hotspot\share\prims\jni.cpp, line 537]
Event: 10871.388 Thread 0x0000020310ec8df0 Exception <a 'sun/nio/fs/WindowsException'{0x000000008e1542d8}> (0x000000008e1542d8) 
thrown [s\src\hotspot\share\prims\jni.cpp, line 537]
Event: 10871.389 Thread 0x0000020310ec8df0 Exception <a 'sun/nio/fs/WindowsException'{0x000000008e15f8e0}> (0x000000008e15f8e0) 
thrown [s\src\hotspot\share\prims\jni.cpp, line 537]
Event: 10871.391 Thread 0x0000020310ec8df0 Exception <a 'sun/nio/fs/WindowsException'{0x000000008e173068}> (0x000000008e173068) 
thrown [s\src\hotspot\share\prims\jni.cpp, line 537]
Event: 10871.395 Thread 0x0000020310ec8df0 Exception <a 'sun/nio/fs/WindowsException'{0x000000008e191280}> (0x000000008e191280) 
thrown [s\src\hotspot\share\prims\jni.cpp, line 537]
Event: 10871.407 Thread 0x0000020310ec8df0 Exception <a 'sun/nio/fs/WindowsException'{0x000000008e0a9380}> (0x000000008e0a9380) 
thrown [s\src\hotspot\share\prims\jni.cpp, line 537]
Event: 10871.409 Thread 0x0000020310ec8df0 Exception <a 'sun/nio/fs/WindowsException'{0x000000008e0bd860}> (0x000000008e0bd860) 
thrown [s\src\hotspot\share\prims\jni.cpp, line 537]
Event: 10871.410 Thread 0x0000020310ec8df0 Exception <a 'sun/nio/fs/WindowsException'{0x000000008e0c8a58}> (0x000000008e0c8a58) 
thrown [s\src\hotspot\share\prims\jni.cpp, line 537]
Event: 10871.411 Thread 0x0000020310ec8df0 Exception <a 'sun/nio/fs/WindowsException'{0x000000008e0dbf90}> (0x000000008e0dbf90) 
thrown [s\src\hotspot\share\prims\jni.cpp, line 537]
Event: 10871.419 Thread 0x0000020310ec8df0 Exception <a 'sun/nio/fs/WindowsException'{0x000000008dfad598}> (0x000000008dfad598) 
thrown [s\src\hotspot\share\prims\jni.cpp, line 537]
Event: 10871.424 Thread 0x0000020310ec8df0 Exception <a 'sun/nio/fs/WindowsException'{0x000000008de1db78}> (0x000000008de1db78) 
thrown [s\src\hotspot\share\prims\jni.cpp, line 537]
Event: 10871.463 Thread 0x0000020310ec8df0 Implicit null exception at 0x00000203791469f9 to 0x0000020379147878
Event: 10871.463 Thread 0x0000020310ec8df0 Implicit null exception at 0x0000020378bd91d1 to 0x0000020378bd9ad0
Event: 10871.470 Thread 0x0000020310ec8df0 Implicit null exception at 0x0000020378f44f57 to 0x0000020378f451bc
Event: 10871.569 Thread 0x0000020310ec8df0 Implicit null exception at 0x00000203788bceeb to 0x00000203788bd168
Event: 10871.616 Thread 0x0000020310ec8df0 Exception <a 'sun/nio/fs/WindowsException'{0x000000008da8abf8}> (0x000000008da8abf8) 
thrown [s\src\hotspot\share\prims\jni.cpp, line 537]
Event: 10871.618 Thread 0x0000020310ec8df0 Exception <a 'sun/nio/fs/WindowsException'{0x000000008daa1f50}> (0x000000008daa1f50) 
thrown [s\src\hotspot\share\prims\jni.cpp, line 537]
Event: 10871.620 Thread 0x0000020310ec8df0 Exception <a 'sun/nio/fs/WindowsException'{0x000000008daadb50}> (0x000000008daadb50) 
thrown [s\src\hotspot\share\prims\jni.cpp, line 537]
Event: 10871.621 Thread 0x0000020310ec8df0 Exception <a 'sun/nio/fs/WindowsException'{0x000000008dabe200}> (0x000000008dabe200) 
thrown [s\src\hotspot\share\prims\jni.cpp, line 537]

ZGC Phase Switch (0 events):
No events

VM Operations (20 events):
Event: 10870.056 Executing VM operation: HandshakeAllThreads (Deoptimize)
Event: 10870.056 Executing VM operation: HandshakeAllThreads (Deoptimize) done
Event: 10870.146 Executing VM operation: HandshakeAllThreads (Deoptimize)
Event: 10870.147 Executing VM operation: HandshakeAllThreads (Deoptimize) done
Event: 10870.379 Executing VM operation: ICBufferFull
Event: 10870.379 Executing VM operation: ICBufferFull done
Event: 10870.560 Executing VM operation: ICBufferFull
Event: 10870.560 Executing VM operation: ICBufferFull done
Event: 10870.786 Executing VM operation: ICBufferFull
Event: 10870.786 Executing VM operation: ICBufferFull done
Event: 10870.906 Executing VM operation: ICBufferFull
Event: 10870.906 Executing VM operation: ICBufferFull done
Event: 10871.021 Executing VM operation: ICBufferFull
Event: 10871.022 Executing VM operation: ICBufferFull done
Event: 10871.116 Executing VM operation: ICBufferFull
Event: 10871.116 Executing VM operation: ICBufferFull done
Event: 10871.285 Executing VM operation: ICBufferFull
Event: 10871.285 Executing VM operation: ICBufferFull done
Event: 10871.406 Executing VM operation: ICBufferFull
Event: 10871.406 Executing VM operation: ICBufferFull done

Memory protections (0 events):
No events

Nmethod flushes (20 events):
Event: 10869.696 Thread 0x000002030549e860 flushing  nmethod 0x00000203727a8d10
Event: 10869.696 Thread 0x000002030549e860 flushing  nmethod 0x00000203727aa990
Event: 10869.696 Thread 0x000002030549e860 flushing  nmethod 0x00000203727aaf10
Event: 10869.696 Thread 0x000002030549e860 flushing  nmethod 0x00000203727ab490
Event: 10869.696 Thread 0x000002030549e860 flushing  nmethod 0x00000203727abb90
Event: 10869.696 Thread 0x000002030549e860 flushing  nmethod 0x00000203727ad310
Event: 10869.696 Thread 0x000002030549e860 flushing  nmethod 0x00000203727ae810
Event: 10869.696 Thread 0x000002030549e860 flushing  nmethod 0x00000203727af490
Event: 10869.696 Thread 0x000002030549e860 flushing  nmethod 0x00000203727afd90
Event: 10869.696 Thread 0x000002030549e860 flushing  nmethod 0x0000020372d36810
Event: 10869.696 Thread 0x000002030549e860 flushing  nmethod 0x0000020372d38910
Event: 10869.696 Thread 0x000002030549e860 flushing  nmethod 0x0000020372d3a710
Event: 10869.696 Thread 0x000002030549e860 flushing  nmethod 0x0000020372d3ac90
Event: 10869.696 Thread 0x000002030549e860 flushing  nmethod 0x0000020372d3b910
Event: 10869.696 Thread 0x000002030549e860 flushing  nmethod 0x0000020372d3bf10
Event: 10869.696 Thread 0x000002030549e860 flushing  nmethod 0x0000020372d3c410
Event: 10869.696 Thread 0x000002030549e860 flushing  nmethod 0x0000020372d3c810
Event: 10869.696 Thread 0x000002030549e860 flushing  nmethod 0x0000020372d3dc90
Event: 10869.696 Thread 0x000002030549e860 flushing  nmethod 0x0000020372d3e190
Event: 10869.696 Thread 0x000002030549e860 flushing  nmethod 0x0000020372d3e790

Events (20 events):
Event: 10870.566 Thread 0x0000020310ec8df0 Thread added: 0x000002031264db90
Event: 10870.566 Thread 0x0000020310ec8df0 Thread added: 0x000002031264bac0
Event: 10870.609 Thread 0x0000020310ec8df0 Thread added: 0x0000020319df6e10
Event: 10870.609 Thread 0x0000020310ec8df0 Thread added: 0x0000020319dfbcd0
Event: 10870.609 Thread 0x0000020310ec8df0 Thread added: 0x000002030e25dd30
Event: 10870.609 Thread 0x0000020310ec8df0 Thread added: 0x000002030e25e3c0
Event: 10870.609 Thread 0x0000020310ec8df0 Thread added: 0x000002030e25fe00
Event: 10870.609 Thread 0x0000020310ec8df0 Thread added: 0x000002030e25c980
Event: 10870.609 Thread 0x0000020310ec8df0 Thread added: 0x000002030e25d010
Event: 10870.609 Thread 0x0000020310ec8df0 Thread added: 0x000002030e25ea50
Event: 10870.609 Thread 0x0000020310ec8df0 Thread added: 0x000002030e25f770
Event: 10870.609 Thread 0x0000020310ec8df0 Thread added: 0x000002030e25d6a0
Event: 10870.610 Thread 0x0000020310ec8df0 Thread added: 0x000002030e25f0e0
Event: 10870.610 Thread 0x0000020310ec8df0 Thread added: 0x0000020319ab85d0
Event: 10870.610 Thread 0x0000020310ec8df0 Thread added: 0x0000020319ab8c60
Event: 10870.610 Thread 0x0000020310ec8df0 Thread added: 0x0000020319ab92f0
Event: 10870.610 Thread 0x0000020310ec8df0 Thread added: 0x0000020319ab7220
Event: 10870.754 Thread 0x0000020310ec8df0 Thread added: 0x0000020319dfb640
Event: 10870.785 Thread 0x0000020310ec8df0 Thread added: 0x0000020319dfa920
Event: 10870.844 Thread 0x0000020310ec8df0 Thread added: 0x0000020319df81c0


Dynamic libraries:
0x00007ff708810000 - 0x00007ff70881a000 	C:\Program Files\Android\Android Studio\jbr\bin\java.exe
0x00007ffe1a190000 - 0x00007ffe1a388000 	C:\Windows\SYSTEM32\ntdll.dll
0x00007ffe19e30000 - 0x00007ffe19eef000 	C:\Windows\System32\KERNEL32.DLL
0x00007ffe17c60000 - 0x00007ffe17f56000 	C:\Windows\System32\KERNELBASE.dll
0x00007ffe17870000 - 0x00007ffe17970000 	C:\Windows\System32\ucrtbase.dll
0x00007ffe05c30000 - 0x00007ffe05c4b000 	C:\Program Files\Android\Android Studio\jbr\bin\VCRUNTIME140.dll
0x00007ffdfb100000 - 0x00007ffdfb118000 	C:\Program Files\Android\Android Studio\jbr\bin\jli.dll
0x00007ffe187e0000 - 0x00007ffe1897d000 	C:\Windows\System32\USER32.dll
0x00007ffe17f60000 - 0x00007ffe17f82000 	C:\Windows\System32\win32u.dll
0x00007ffe18ab0000 - 0x00007ffe18adc000 	C:\Windows\System32\GDI32.dll
0x00007ffdfc180000 - 0x00007ffdfc41a000 	C:\Windows\WinSxS\amd64_microsoft.windows.common-controls_6595b64144ccf1df_6.0.19041.1110_none_60b5254171f9507e\COMCTL32.dll
0x00007ffe17ad0000 - 0x00007ffe17be5000 	C:\Windows\System32\gdi32full.dll
0x00007ffe18c80000 - 0x00007ffe18d1e000 	C:\Windows\System32\msvcrt.dll
0x00007ffe17a30000 - 0x00007ffe17acd000 	C:\Windows\System32\msvcp_win.dll
0x00007ffe19ef0000 - 0x00007ffe19f20000 	C:\Windows\System32\IMM32.DLL
0x00007ffe06180000 - 0x00007ffe0618c000 	C:\Program Files\Android\Android Studio\jbr\bin\vcruntime140_1.dll
0x00007ffde9520000 - 0x00007ffde95ad000 	C:\Program Files\Android\Android Studio\jbr\bin\msvcp140.dll
0x00007ffda1fc0000 - 0x00007ffda2c56000 	C:\Program Files\Android\Android Studio\jbr\bin\server\jvm.dll
0x00007ffe19f20000 - 0x00007ffe19fcf000 	C:\Windows\System32\ADVAPI32.dll
0x00007ffe18740000 - 0x00007ffe187dc000 	C:\Windows\System32\sechost.dll
0x00007ffe18e60000 - 0x00007ffe18f86000 	C:\Windows\System32\RPCRT4.dll
0x00007ffe19cf0000 - 0x00007ffe19d5b000 	C:\Windows\System32\WS2_32.dll
0x00007ffe171e0000 - 0x00007ffe1722b000 	C:\Windows\SYSTEM32\POWRPROF.dll
0x00007ffe041d0000 - 0x00007ffe041f7000 	C:\Windows\SYSTEM32\WINMM.dll
0x00007ffe0d790000 - 0x00007ffe0d79a000 	C:\Windows\SYSTEM32\VERSION.dll
0x00007ffe171c0000 - 0x00007ffe171d2000 	C:\Windows\SYSTEM32\UMPDC.dll
0x00007ffe15710000 - 0x00007ffe15722000 	C:\Windows\SYSTEM32\kernel.appcore.dll
0x00007ffdf6460000 - 0x00007ffdf646a000 	C:\Program Files\Android\Android Studio\jbr\bin\jimage.dll
0x00007ffe03890000 - 0x00007ffe03a74000 	C:\Windows\SYSTEM32\DBGHELP.DLL
0x00007ffdf64a0000 - 0x00007ffdf64d4000 	C:\Windows\SYSTEM32\dbgcore.DLL
0x00007ffe17970000 - 0x00007ffe179f2000 	C:\Windows\System32\bcryptPrimitives.dll
0x00007ffdf4e70000 - 0x00007ffdf4e7e000 	C:\Program Files\Android\Android Studio\jbr\bin\instrument.dll
0x00007ffdf04f0000 - 0x00007ffdf0510000 	C:\Program Files\Android\Android Studio\jbr\bin\java.dll
0x00007ffded7f0000 - 0x00007ffded808000 	C:\Program Files\Android\Android Studio\jbr\bin\zip.dll
0x00007ffe192f0000 - 0x00007ffe19a34000 	C:\Windows\System32\SHELL32.dll
0x00007ffe15910000 - 0x00007ffe160a3000 	C:\Windows\SYSTEM32\windows.storage.dll
0x00007ffe18f90000 - 0x00007ffe192e4000 	C:\Windows\System32\combase.dll
0x00007ffe17180000 - 0x00007ffe171ae000 	C:\Windows\SYSTEM32\Wldp.dll
0x00007ffe19fd0000 - 0x00007ffe1a07d000 	C:\Windows\System32\SHCORE.dll
0x00007ffe18c20000 - 0x00007ffe18c75000 	C:\Windows\System32\shlwapi.dll
0x00007ffe177b0000 - 0x00007ffe177cf000 	C:\Windows\SYSTEM32\profapi.dll
0x00007ffdf5fb0000 - 0x00007ffdf5fc0000 	C:\Program Files\Android\Android Studio\jbr\bin\net.dll
0x00007ffe103f0000 - 0x00007ffe104fa000 	C:\Windows\SYSTEM32\WINHTTP.dll
0x00007ffe16ef0000 - 0x00007ffe16f5a000 	C:\Windows\system32\mswsock.dll
0x00007ffded6a0000 - 0x00007ffded6b6000 	C:\Program Files\Android\Android Studio\jbr\bin\nio.dll
0x00007ffdf4f60000 - 0x00007ffdf4f70000 	C:\Program Files\Android\Android Studio\jbr\bin\verify.dll
0x00007ffde94b0000 - 0x00007ffde94d7000 	C:\Users\Gustavo\.gradle\native\660c5614fbf4a5f2a75b1949f50a0caf5cd603558e7d8a26e50b933a0cfb79d1\windows-amd64\native-platform.dll
0x00007ffdd1bd0000 - 0x00007ffdd1c47000 	C:\Users\Gustavo\.gradle\native\0.2.8\x86_64-windows-gnu\gradle-fileevents.dll
0x00007ffdf5e20000 - 0x00007ffdf5e29000 	C:\Program Files\Android\Android Studio\jbr\bin\management.dll
0x00007ffdf5c40000 - 0x00007ffdf5c4b000 	C:\Program Files\Android\Android Studio\jbr\bin\management_ext.dll
0x00007ffe18aa0000 - 0x00007ffe18aa8000 	C:\Windows\System32\PSAPI.DLL
0x00007ffe16c00000 - 0x00007ffe16c3c000 	C:\Windows\SYSTEM32\IPHLPAPI.DLL
0x00007ffe19ce0000 - 0x00007ffe19ce8000 	C:\Windows\System32\NSI.dll
0x00007ffdf51a0000 - 0x00007ffdf51a9000 	C:\Program Files\Android\Android Studio\jbr\bin\extnet.dll
0x00007ffe17230000 - 0x00007ffe17248000 	C:\Windows\SYSTEM32\CRYPTSP.dll
0x00007ffe16830000 - 0x00007ffe16864000 	C:\Windows\system32\rsaenh.dll
0x00007ffe17a00000 - 0x00007ffe17a27000 	C:\Windows\System32\bcrypt.dll
0x00007ffe17730000 - 0x00007ffe1775e000 	C:\Windows\SYSTEM32\USERENV.dll
0x00007ffe17080000 - 0x00007ffe1708c000 	C:\Windows\SYSTEM32\CRYPTBASE.dll
0x00007ffdf4cd0000 - 0x00007ffdf4cd7000 	C:\Windows\system32\wshunix.dll
0x00007ffe16950000 - 0x00007ffe16983000 	C:\Windows\SYSTEM32\ntmarta.dll
0x00007ffdf4930000 - 0x00007ffdf4937000 	C:\Program Files\Android\Android Studio\jbr\bin\rmi.dll

JVMTI agents:
C:\Users\Gustavo\.gradle\wrapper\dists\gradle-9.3.1-bin\23ovyewtku6u96viwx3xl3oks\gradle-9.3.1\lib\agents\gradle-instrumentation-agent-9.3.1.jar path:C:\Program Files\Android\Android Studio\jbr\bin\instrument.dll, loaded, initialized, instrumentlib options:none

dbghelp: loaded successfully - version: 4.0.5 - missing functions: none
symbol engine: initialized successfully - sym options: 0x614 - pdb path: .;C:\Program Files\Android\Android Studio\jbr\bin;C:\Windows\SYSTEM32;C:\Windows\WinSxS\amd64_microsoft.windows.common-controls_6595b64144ccf1df_6.0.19041.1110_none_60b5254171f9507e;C:\Program Files\Android\Android Studio\jbr\bin\server;C:\Users\Gustavo\.gradle\native\660c5614fbf4a5f2a75b1949f50a0caf5cd603558e7d8a26e50b933a0cfb79d1\windows-amd64;C:\Users\Gustavo\.gradle\native\0.2.8\x86_64-windows-gnu

VM Arguments:
jvm_args: --add-opens=java.base/java.lang=ALL-UNNAMED --add-opens=java.base/java.lang.invoke=ALL-UNNAMED --add-opens=java.base/java.util=ALL-UNNAMED --add-opens=java.prefs/java.util.prefs=ALL-UNNAMED --add-exports=jdk.compiler/com.sun.tools.javac.api=ALL-UNNAMED --add-exports=jdk.compiler/com.sun.tools.javac.util=ALL-UNNAMED --add-opens=java.base/java.util=ALL-UNNAMED --add-opens=java.prefs/java.util.prefs=ALL-UNNAMED --add-opens=java.base/java.nio.charset=ALL-UNNAMED --add-opens=java.base/java.net=ALL-UNNAMED --add-opens=java.base/java.util.concurrent=ALL-UNNAMED --add-opens=java.base/java.util.concurrent.atomic=ALL-UNNAMED --add-opens=java.xml/javax.xml.namespace=ALL-UNNAMED --add-opens=java.base/java.time=ALL-UNNAMED -Xmx2048m -Dfile.encoding=UTF-8 -Duser.country=BR -Duser.language=pt -Duser.variant -javaagent:C:\Users\Gustavo\.gradle\wrapper\dists\gradle-9.3.1-bin\23ovyewtku6u96viwx3xl3oks\gradle-9.3.1\lib\agents\gradle-instrumentation-agent-9.3.1.jar 
java_command: org.gradle.launcher.daemon.bootstrap.GradleDaemon 9.3.1
java_class_path (initial): C:\Users\Gustavo\.gradle\wrapper\dists\gradle-9.3.1-bin\23ovyewtku6u96viwx3xl3oks\gradle-9.3.1\lib\gradle-daemon-main-9.3.1.jar
Launcher Type: SUN_STANDARD

[Global flags]
     intx CICompilerCount                          = 12                                        {product} {ergonomic}
     uint ConcGCThreads                            = 3                                         {product} {ergonomic}
     uint G1ConcRefinementThreads                  = 13                                        {product} {ergonomic}
   size_t G1HeapRegionSize                         = 1048576                                   {product} {ergonomic}
    uintx GCDrainStackTargetSize                   = 64                                        {product} {ergonomic}
   size_t InitialHeapSize                          = 266338304                                 {product} {ergonomic}
   size_t MarkStackSize                            = 4194304                                   {product} {ergonomic}
   size_t MaxHeapSize                              = 2147483648                                {product} {command line}
   size_t MaxNewSize                               = 1287651328                                {product} {ergonomic}
   size_t MinHeapDeltaBytes                        = 1048576                                   {product} {ergonomic}
   size_t MinHeapSize                              = 8388608                                   {product} {ergonomic}
    uintx NonNMethodCodeHeapSize                   = 7602480                                {pd product} {ergonomic}
    uintx NonProfiledCodeHeapSize                  = 122027880                              {pd product} {ergonomic}
    uintx ProfiledCodeHeapSize                     = 122027880                              {pd product} {ergonomic}
    uintx ReservedCodeCacheSize                    = 251658240                              {pd product} {ergonomic}
     bool SegmentedCodeCache                       = true                                      {product} {ergonomic}
   size_t SoftMaxHeapSize                          = 2147483648                             {manageable} {ergonomic}
     bool UseCompressedOops                        = true                           {product lp64_product} {ergonomic}
     bool UseG1GC                                  = true                                      {product} {ergonomic}
     bool UseLargePagesIndividualAllocation        = false                                  {pd product} {ergonomic}

Logging:
Log output configuration:
 #0: stdout all=warning uptime,level,tags foldmultilines=false
 #1: stderr all=off uptime,level,tags foldmultilines=false

Release file:
JAVA_VERSION="21.0.9" 
MODULES="java.base java.compiler java.datatransfer java.xml java.prefs java.desktop java.instrument java.logging java.management java.security.sasl java.naming java.rmi java.management.rmi java.net.http java.scripting java.security.jgss java.transaction.xa java.sql java.sql.rowset java.xml.crypto java.se java.smartcardio jdk.accessibility jdk.internal.jvmstat jdk.attach jdk.charsets jdk.internal.opt jdk.zipfs jdk.compiler jdk.crypto.ec jdk.crypto.cryptoki jdk.dynalink jdk.hotspot.agent jdk.httpserver jdk.internal.ed jdk.internal.le jdk.internal.vm.ci jdk.jartool jdk.javadoc jdk.jcmd jdk.jdeps jdk.jdwp.agent jdk.jdi jdk.jfr jdk.jlink jdk.jsobject jdk.localedata jdk.management jdk.management.agent jdk.management.jfr jdk.naming.dns jdk.naming.rmi jdk.net jdk.sctp jdk.security.auth jdk.security.jgss jdk.unsupported jdk.unsupported.desktop jdk.xml.dom" 
IMPLEMENTOR="JetBrains s.r.o." 
JAVA_RUNTIME_VERSION="21.0.9+-14787801-b1163.94" 
LIBC="default" 
OS_ARCH="x86_64" 
OS_NAME="Windows" 
SOURCE=".:git:0c757ddc9f2f" 

Environment Variables:
JAVA_HOME=C:\Program Files\Android\Android Studio\jbr
PATH=C:\Program Files\Android\Android Studio\jbr\bin;C:\Users\Gustavo\.codex\tmp\arg0\codex-arg0zqmD3V;E:\Miniconda3;E:\Miniconda3\Library\mingw-w64\bin;E:\Miniconda3\Library\usr\bin;E:\Miniconda3\Library\bin;E:\Miniconda3\Scripts;E:\Miniconda3\bin;C:\Program Files\Common Files\Oracle\Java\javapath;C:\Windows\system32;C:\Windows;C:\Windows\System32\Wbem;C:\Windows\System32\WindowsPowerShell\v1.0;C:\Windows\System32\OpenSSH;C:\Program Files (x86)\NVIDIA Corporation\PhysX\Common;C:\Program Files\Git\cmd;C:\Program Files\nodejs;E:\Miniconda3;E:\Miniconda3\Scripts;E:\Miniconda3\Library\bin;C:\Users\Gustavo\AppData\Local\Android\Sdk\platform-tools\adb.exe;E:\MINICONDA3\condabin;C:\Users\Gustavo\AppData\Local\hermes\hermes-agent\venv\Scripts;C:\Users\Gustavo\.local\bin;C:\Users\Gustavo\AppData\Local\Microsoft\WindowsApps;C:\Users\Gustavo\AppData\Roaming\npm;E:\OLLAMA;E:\Antigravity\bin;E:\AGENDAMENTO-ID\Tesseract-OCR;E:\CURSOR\resources\app\bin;C:\Users\Gustavo\AppData\Local\OpenAI\Codex\bin;C:\Program Files\WindowsApps\OpenAI.Codex_26.506.3741.0_x64__2p2nqsd0c76g0\app\resources
USERNAME=Gustavo
SHELL=C:\Windows\System32\WindowsPowerShell\v1.0\powershell.exe
OS=Windows_NT
PROCESSOR_IDENTIFIER=AMD64 Family 25 Model 80 Stepping 0, AuthenticAMD
TMP=C:\Users\Gustavo\AppData\Local\Temp
TEMP=C:\Users\Gustavo\AppData\Local\Temp




Periodic native trim disabled

JNI global refs:
JNI global refs: 37, weak refs: 0

JNI global refs memory usage: 835, weak refs: 1465

Process memory usage:
Resident Set Size: 807496K (4% of 16561836K total physical memory with 1592140K free physical memory)

OOME stack traces (most recent first):
Classloader memory used:
Loader org.gradle.internal.classloader.VisitableURLClassLoader                         : 50853K
Loader org.gradle.internal.classloader.VisitableURLClassLoader$InstrumentingVisitableURLClassLoader: 42069K
Loader bootstrap                                                                       : 29851K
Loader org.gradle.initialization.MixInLegacyTypesClassLoader                           : 13902K
Loader org.gradle.internal.classloader.VisitableURLClassLoader                         : 303K
Loader jdk.internal.reflect.DelegatingClassLoader                                      : 299K
Loader jdk.internal.loader.ClassLoaders$AppClassLoader                                 : 229K
Loader jdk.internal.loader.ClassLoaders$PlatformClassLoader                            : 202K
Loader org.gradle.groovy.scripts.internal.DefaultScriptCompilationHandler$ScriptClassLoader: 123K
Loader sun.reflect.misc.MethodUtil                                                     : 2984B

Classes loaded by more than one classloader:
Class Program                                                                         : loaded 5 times (x 72B)
Class Build_gradle                                                                    : loaded 3 times (x 126B)
Class com.google.common.base.Equivalence$Identity                                     : loaded 2 times (x 82B)
Class com.google.common.collect.RegularImmutableMap$KeySet                            : loaded 2 times (x 150B)
Class org.gradle.internal.classloader.FilteringClassLoader                            : loaded 2 times (x 105B)
Class com.google.common.cache.LocalCache$ValueIterator                                : loaded 2 times (x 86B)
Class [Lcom.google.common.collect.MapMakerInternalMap$Segment;                        : loaded 2 times (x 69B)
Class com.google.common.io.FileWriteMode                                              : loaded 2 times (x 79B)
Class [Lcom.google.common.base.AbstractIterator$State;                                : loaded 2 times (x 69B)
Class com.google.common.base.CharMatcher$IsEither                                     : loaded 2 times (x 111B)
Class org.gradle.internal.classloader.ClassLoaderHierarchy                            : loaded 2 times (x 70B)
Class [Lcom.google.common.cache.RemovalCause;                                         : loaded 2 times (x 69B)
Class com.google.common.collect.AbstractMapBasedMultimap$WrappedCollection            : loaded 2 times (x 124B)
Class com.google.common.collect.ImmutableEnumSet                                      : loaded 2 times (x 146B)
Class com.google.common.util.concurrent.ExecutionError                                : loaded 2 times (x 82B)
Class com.google.common.collect.ImmutableList$1                                       : loaded 2 times (x 97B)
Class org.gradle.api.internal.classpath.ManifestUtil                                  : loaded 2 times (x 71B)
Class com.google.common.collect.RegularImmutableMap                                   : loaded 2 times (x 121B)
Class com.google.common.collect.ImmutableMap$MapViewOfValuesAsSingletonSets           : loaded 2 times (x 125B)
Class com.google.common.cache.LocalCache$Values                                       : loaded 2 times (x 118B)
Class com.google.common.collect.TransformedListIterator                               : loaded 2 times (x 93B)
Class [Lorg.objectweb.asm.Symbol;                                                     : loaded 2 times (x 69B)
Class org.objectweb.asm.ClassVisitor                                                  : loaded 2 times (x 88B)
Class com.google.common.collect.UnmodifiableListIterator                              : loaded 2 times (x 95B)
Class com.google.common.collect.MapMakerInternalMap$StrongKeyDummyValueEntry$LinkedStrongKeyDummyValueEntry: loaded 2 times (x 82B)
Class com.google.common.collect.MapMakerInternalMap$Strength                          : loaded 2 times (x 80B)
Class com.google.common.base.Platform$JdkPatternCompiler                              : loaded 2 times (x 75B)
Class org.objectweb.asm.MethodTooLargeException                                       : loaded 2 times (x 83B)
Class [Lcom.google.common.cache.CacheBuilder$OneWeigher;                              : loaded 2 times (x 69B)
Class com.google.common.base.Suppliers                                                : loaded 2 times (x 71B)
Class org.gradle.internal.classloader.DefaultClassLoaderFactory                       : loaded 2 times (x 82B)
Class [Lcom.google.common.collect.AbstractIterator$State;                             : loaded 2 times (x 69B)
Class com.google.common.base.CharMatcher$None                                         : loaded 2 times (x 112B)
Class org.gradle.internal.classloader.ClassLoaderVisitor                              : loaded 2 times (x 76B)
Class [Lcom.google.common.collect.ImmutableMapEntry;                                  : loaded 2 times (x 69B)
Class org.gradle.api.internal.classpath.EffectiveClassPath                            : loaded 2 times (x 90B)
Class com.google.common.collect.ImmutableRangeSet                                     : loaded 2 times (x 115B)
Class com.google.common.collect.ImmutableEnumMap                                      : loaded 2 times (x 125B)
Class com.google.common.collect.ListMultimap                                          : loaded 2 times (x 70B)
Class ijJvmDebugger1_783tm9rr86gere1tw903026mz                                        : loaded 2 times (x 171B)
Class com.google.common.collect.ImmutableSet$SerializedForm                           : loaded 2 times (x 73B)
Class com.google.common.collect.Iterators$EmptyModifiableIterator                     : loaded 2 times (x 86B)
Class com.google.common.collect.Sets$1                                                : loaded 2 times (x 139B)
Class org.objectweb.asm.AnnotationVisitor                                             : loaded 2 times (x 78B)
Class com.google.common.base.Splitter                                                 : loaded 2 times (x 72B)
Class org.gradle.api.internal.DefaultClassPathProvider                                : loaded 2 times (x 76B)
Class com.google.common.collect.MapMakerInternalMap$Strength$1                        : loaded 2 times (x 80B)
Class com.google.common.collect.Maps$ViewCachingAbstractMap                           : loaded 2 times (x 125B)
Class com.google.common.collect.Sets$2                                                : loaded 2 times (x 139B)
Class [Lorg.gradle.api.internal.ClassPathProvider;                                    : loaded 2 times (x 69B)
Class org.gradle.api.internal.ClassPathProvider                                       : loaded 2 times (x 70B)
Class com.google.common.collect.MapMakerInternalMap$Strength$2                        : loaded 2 times (x 80B)
Class [Lorg.objectweb.asm.AnnotationVisitor;                                          : loaded 2 times (x 69B)
Class com.google.common.collect.Sets$3                                                : loaded 2 times (x 139B)
Class com.google.common.cache.LocalCache$LocalLoadingCache                            : loaded 2 times (x 134B)
Class com.google.common.base.AbstractIterator$State                                   : loaded 2 times (x 79B)
Class org.gradle.internal.service.UnknownServiceException                             : loaded 2 times (x 83B)
Class com.google.common.collect.MapMakerInternalMap$StrongValueEntry                  : loaded 2 times (x 70B)
Class com.google.common.collect.Sets$4                                                : loaded 2 times (x 139B)
Class org.objectweb.asm.ModuleVisitor                                                 : loaded 2 times (x 81B)
Class com.google.common.cache.LocalCache$Strength$1                                   : loaded 2 times (x 81B)
Class com.google.common.util.concurrent.SettableFuture                                : loaded 2 times (x 114B)
Class com.google.common.cache.LocalCache$Strength$2                                   : loaded 2 times (x 81B)
Class com.google.common.collect.Interners$InternerImpl                                : loaded 2 times (x 75B)
Class com.google.common.collect.Interner                                              : loaded 2 times (x 70B)
Class com.google.common.collect.TransformedIterator                                   : loaded 2 times (x 80B)
Class com.google.common.cache.LocalCache$Strength$3                                   : loaded 2 times (x 81B)
Class com.google.common.collect.MapDifference                                         : loaded 2 times (x 70B)
Class com.google.common.base.Splitter$1                                               : loaded 2 times (x 77B)
Class com.google.common.collect.MapMaker$Dummy                                        : loaded 2 times (x 79B)
Class org.objectweb.asm.FieldWriter                                                   : loaded 2 times (x 78B)
Class com.google.common.cache.CacheBuilder$NullListener                               : loaded 2 times (x 82B)
Class org.gradle.internal.classpath.TransformedClassPath                              : loaded 2 times (x 96B)
Class org.gradle.internal.classloader.InstrumentingClassLoader                        : loaded 2 times (x 70B)
Class com.google.common.collect.ImmutableListMultimap                                 : loaded 2 times (x 176B)
Class com.google.common.collect.ImmutableRangeSet$AsSet                               : loaded 2 times (x 299B)
Class com.google.common.base.PairwiseEquivalence                                      : loaded 2 times (x 83B)
Class com.google.common.collect.Iterators$ArrayItr                                    : loaded 2 times (x 97B)
Class com.google.common.collect.ImmutableCollection$Builder                           : loaded 2 times (x 76B)
Class com.google.common.collect.EmptyImmutableListMultimap                            : loaded 2 times (x 176B)
Class com.google.common.collect.BaseImmutableMultimap                                 : loaded 2 times (x 123B)
Class com.google.common.base.Joiner                                                   : loaded 2 times (x 79B)
Class com.google.common.base.MoreObjects                                              : loaded 2 times (x 71B)
Class [Lorg.objectweb.asm.Type;                                                       : loaded 2 times (x 69B)
Class com.google.common.collect.Platform                                              : loaded 2 times (x 71B)
Class com.google.common.collect.UnmodifiableIterator                                  : loaded 2 times (x 80B)
Class org.gradle.internal.service.ServiceLocator                                      : loaded 2 times (x 70B)
Class com.google.common.collect.SingletonImmutableBiMap                               : loaded 2 times (x 143B)
Class com.google.common.base.Ascii                                                    : loaded 2 times (x 71B)
Class com.google.common.cache.LocalCache$1                                            : loaded 2 times (x 89B)
Class com.google.common.collect.AbstractMapEntry                                      : loaded 2 times (x 81B)
Class com.google.common.collect.MapMakerInternalMap$AbstractStrongKeyEntry            : loaded 2 times (x 80B)
Class com.google.common.collect.Sets$ImprovedAbstractSet                              : loaded 2 times (x 135B)
Class com.google.common.collect.ImmutableList$Builder                                 : loaded 2 times (x 77B)
Class com.google.common.cache.LocalCache$2                                            : loaded 2 times (x 142B)
Class com.google.common.collect.AbstractMultimap                                      : loaded 2 times (x 123B)
Class com.google.common.collect.ImmutableRangeSet$1                                   : loaded 2 times (x 209B)
Class com.google.common.collect.RegularImmutableAsList                                : loaded 2 times (x 216B)
Class com.google.common.base.Optional                                                 : loaded 2 times (x 80B)
Class com.google.common.collect.Range                                                 : loaded 2 times (x 87B)
Class com.google.common.util.concurrent.AbstractFuture$Trusted                        : loaded 2 times (x 70B)
Class com.google.common.collect.Iterators                                             : loaded 2 times (x 71B)
Class com.google.common.io.ByteSink$AsCharSink                                        : loaded 2 times (x 80B)
Class com.google.common.util.concurrent.UncheckedExecutionException                   : loaded 2 times (x 82B)
Class com.google.common.collect.Lists$StringAsImmutableList                           : loaded 2 times (x 207B)
Class org.gradle.kotlin.dsl.VersionCatalogAccessorsKt                                 : loaded 2 times (x 71B)
Class com.google.common.collect.AbstractMapBasedMultimap$KeySet$1                     : loaded 2 times (x 82B)
Class org.objectweb.asm.ClassWriter                                                   : loaded 2 times (x 106B)
Class com.google.common.cache.CacheLoader$UnsupportedLoadingOperationException        : loaded 2 times (x 82B)
Class com.google.common.base.CharMatcher$And                                          : loaded 2 times (x 112B)
Class org.gradle.internal.classloader.ClasspathUtil$1                                 : loaded 2 times (x 76B)
Class com.google.common.collect.FluentIterable$1                                      : loaded 2 times (x 81B)
Class com.google.common.base.Objects                                                  : loaded 2 times (x 71B)
Class org.objectweb.asm.FieldVisitor                                                  : loaded 2 times (x 77B)
Class com.google.common.collect.IndexedImmutableSet                                   : loaded 2 times (x 150B)
Class com.google.common.collect.ImmutableMap$1                                        : loaded 2 times (x 81B)
Class com.google.common.collect.BiMap                                                 : loaded 2 times (x 70B)
Class org.gradle.api.internal.classpath.DefaultModuleRegistry$DefaultModule           : loaded 2 times (x 86B)
Class com.google.common.base.Absent                                                   : loaded 2 times (x 80B)
Class com.google.common.collect.FluentIterable$2                                      : loaded 2 times (x 81B)
Class com.google.common.primitives.Ints                                               : loaded 2 times (x 71B)
Class com.google.common.collect.AbstractIterator                                      : loaded 2 times (x 82B)
Class com.google.common.collect.FluentIterable$3                                      : loaded 2 times (x 81B)
Class com.google.common.math.MathPreconditions                                        : loaded 2 times (x 71B)
Class com.google.common.collect.Multiset                                              : loaded 2 times (x 70B)
Class com.google.common.collect.ArrayListMultimapGwtSerializationDependencies         : loaded 2 times (x 172B)
Class com.google.common.collect.ObjectArrays                                          : loaded 2 times (x 71B)
Class com.google.common.collect.AbstractIndexedListIterator                           : loaded 2 times (x 96B)
Class com.google.common.collect.ImmutableMapEntrySet                                  : loaded 2 times (x 151B)
Class org.gradle.api.internal.classpath.Module                                        : loaded 2 times (x 70B)
Class com.google.common.cache.Weigher                                                 : loaded 2 times (x 70B)
Class org.gradle.api.internal.classpath.UnknownModuleException                        : loaded 2 times (x 82B)
Class com.google.common.base.Stopwatch                                                : loaded 2 times (x 72B)
Class com.google.common.cache.LocalCache$Strength                                     : loaded 2 times (x 81B)
Class com.google.common.cache.Cache                                                   : loaded 2 times (x 70B)
Class com.google.common.io.AppendableWriter                                           : loaded 2 times (x 100B)
Class com.google.common.util.concurrent.AbstractFuture$Cancellation                   : loaded 2 times (x 72B)
Class com.google.common.collect.ImmutableMap$Builder                                  : loaded 2 times (x 82B)
Class com.google.common.base.NullnessCasts                                            : loaded 2 times (x 71B)
Class com.google.common.base.Present                                                  : loaded 2 times (x 81B)
Class com.google.common.collect.AbstractMapBasedMultimap$WrappedCollection$WrappedIterator: loaded 2 times (x 84B)
Class com.google.common.cache.RemovalListener                                         : loaded 2 times (x 70B)
Class org.gradle.api.internal.DefaultClassPathRegistry                                : loaded 2 times (x 76B)
Class com.google.common.collect.ImmutableMultimap$Keys                                : loaded 2 times (x 166B)
Class com.google.common.primitives.IntsMethodsForWeb                                  : loaded 2 times (x 71B)
Class com.google.common.collect.Multimap                                              : loaded 2 times (x 70B)
Class org.gradle.api.internal.ClassPathRegistry                                       : loaded 2 times (x 70B)
Class org.gradle.internal.classpath.DefaultClassPath$ImmutableUniqueList              : loaded 2 times (x 199B)
Class com.google.common.collect.NullnessCasts                                         : loaded 2 times (x 71B)
Class com.google.common.collect.MapMakerInternalMap$Segment                           : loaded 2 times (x 142B)
Class com.google.common.base.ExtraObjectsMethodsForWeb                                : loaded 2 times (x 71B)
Class ijKotlinCoroutineJvmDebugInit1_969wpauptkt65mcxwmlv5o99t$_run_closure1          : loaded 2 times (x 139B)
Class com.google.common.cache.CacheLoader$FunctionToCacheLoader                       : loaded 2 times (x 75B)
Class com.google.common.cache.RemovalCause                                            : loaded 2 times (x 80B)
Class com.google.common.io.ByteSink                                                   : loaded 2 times (x 76B)
Class com.google.common.cache.CacheBuilder                                            : loaded 2 times (x 72B)
Class com.google.common.collect.SingletonImmutableList                                : loaded 2 times (x 207B)
Class Settings_gradle$1                                                               : loaded 2 times (x 75B)
Class org.gradle.internal.classpath.ClassPath                                         : loaded 2 times (x 70B)
Class com.google.common.collect.Interners$InternerBuilder                             : loaded 2 times (x 76B)
Class com.google.common.io.Files$FileByteSource                                       : loaded 2 times (x 85B)
Class com.google.common.collect.ImmutableList$ReverseImmutableList                    : loaded 2 times (x 208B)
Class com.google.common.base.JdkPattern                                               : loaded 2 times (x 75B)
Class com.google.common.io.CharStreams$NullWriter                                     : loaded 2 times (x 99B)
Class org.objectweb.asm.SymbolTable$Entry                                             : loaded 2 times (x 74B)
Class org.objectweb.asm.Edge                                                          : loaded 2 times (x 72B)
Class com.google.common.base.Suppliers$SupplierOfInstance                             : loaded 2 times (x 79B)
Class com.google.common.collect.Iterators$1                                           : loaded 2 times (x 81B)
Class com.google.common.cache.LocalCache$ComputingValueReference                      : loaded 2 times (x 96B)
Class com.google.common.collect.SingletonImmutableSet                                 : loaded 2 times (x 146B)
Class com.google.common.collect.ImmutableMap$IteratorBasedImmutableMap                : loaded 2 times (x 125B)
Class com.google.common.cache.LocalCache$Segment                                      : loaded 2 times (x 154B)
Class com.google.common.collect.SortedIterable                                        : loaded 2 times (x 70B)
Class [Lorg.objectweb.asm.SymbolTable$Entry;                                          : loaded 2 times (x 69B)
Class com.google.common.cache.CacheLoader                                             : loaded 2 times (x 74B)
Class com.google.common.collect.Iterators$4                                           : loaded 2 times (x 82B)
Class com.google.common.collect.ImmutableBiMap                                        : loaded 2 times (x 143B)
Class com.google.common.collect.AbstractListMultimap                                  : loaded 2 times (x 172B)
Class org.gradle.api.internal.classpath.ModuleRegistry                                : loaded 2 times (x 70B)
Class org.gradle.internal.installation.GradleInstallation$1                           : loaded 2 times (x 75B)
Class com.google.common.util.concurrent.internal.InternalFutureFailureAccess          : loaded 2 times (x 72B)
Class com.google.common.collect.Iterators$5                                           : loaded 2 times (x 82B)
Class com.google.common.collect.ImmutableSet$JdkBackedSetBuilderImpl                  : loaded 2 times (x 76B)
Class com.google.common.base.Splitter$SplittingIterator                               : loaded 2 times (x 84B)
Class com.google.common.collect.ImmutableMultimap$Values                              : loaded 2 times (x 126B)
Class com.google.common.cache.LocalCache$LocalManualCache$1                           : loaded 2 times (x 75B)
Class com.google.common.base.CharMatcher$ForPredicate                                 : loaded 2 times (x 112B)
Class com.google.common.collect.ImmutableCollection                                   : loaded 2 times (x 125B)
Class com.google.common.base.CharMatcher$AnyOf                                        : loaded 2 times (x 112B)
Class org.gradle.api.internal.classpath.DefaultModuleRegistry                         : loaded 2 times (x 86B)
Class com.google.common.util.concurrent.ListenableFuture                              : loaded 2 times (x 70B)
Class com.google.common.cache.ReferenceEntry                                          : loaded 2 times (x 70B)
Class com.google.common.collect.ImmutableSet$CachingAsList                            : loaded 2 times (x 147B)
Class com.google.common.base.Converter                                                : loaded 2 times (x 90B)
Class com.google.common.collect.Lists                                                 : loaded 2 times (x 71B)
Class com.google.common.util.concurrent.AbstractFuture                                : loaded 2 times (x 106B)
Class com.google.common.base.FunctionalEquivalence                                    : loaded 2 times (x 83B)
Class com.google.common.collect.Iterators$9                                           : loaded 2 times (x 81B)
Class com.google.common.collect.AbstractMapBasedMultimap                              : loaded 2 times (x 139B)
Class com.google.common.collect.ImmutableAsList                                       : loaded 2 times (x 209B)
Class com.google.common.io.CharStreams                                                : loaded 2 times (x 71B)
Class com.google.common.collect.ImmutableMultiset                                     : loaded 2 times (x 163B)
Class org.objectweb.asm.RecordComponentVisitor                                        : loaded 2 times (x 77B)
Class com.google.common.cache.CacheLoader$SupplierToCacheLoader                       : loaded 2 times (x 75B)
Class com.google.common.collect.Maps$EntryTransformer                                 : loaded 2 times (x 70B)
Class org.gradle.internal.service.ServiceLookupException                              : loaded 2 times (x 82B)
Class com.google.common.collect.ImmutableSortedSet                                    : loaded 2 times (x 299B)
Class [Lcom.google.common.cache.LocalCache$EntryFactory;                              : loaded 2 times (x 69B)
Class org.gradle.internal.classloader.ClassLoaderFactory                              : loaded 2 times (x 70B)
Class ijKotlinCoroutineJvmDebugInit1_969wpauptkt65mcxwmlv5o99t                        : loaded 2 times (x 171B)
Class com.google.common.cache.LocalCache$LocalManualCache                             : loaded 2 times (x 99B)
Class com.google.common.base.CharMatcher$IsNot                                        : loaded 2 times (x 111B)
Class com.google.common.base.CommonPattern                                            : loaded 2 times (x 74B)
Class org.gradle.internal.service.CachingServiceLocator                               : loaded 2 times (x 82B)
Class ijJvmDebugger1_783tm9rr86gere1tw903026mz$_run_closure1$_closure2                : loaded 2 times (x 140B)
Class com.google.common.collect.AbstractMapBasedMultimap$KeySet                       : loaded 2 times (x 137B)
Class com.google.common.collect.RegularImmutableSortedSet                             : loaded 2 times (x 299B)
Class com.google.common.math.IntMath                                                  : loaded 2 times (x 71B)
Class com.google.common.collect.MapMakerInternalMap$InternalEntry                     : loaded 2 times (x 70B)
Class com.google.common.collect.ImmutableMapEntry                                     : loaded 2 times (x 85B)
Class com.google.common.collect.ImmutableMultimap                                     : loaded 2 times (x 147B)
Class com.google.common.base.Equivalence                                              : loaded 2 times (x 82B)
Class com.google.common.collect.ImmutableMapEntry$NonTerminalImmutableMapEntry        : loaded 2 times (x 85B)
Class com.google.common.base.Function                                                 : loaded 2 times (x 70B)
Class com.google.common.collect.IndexedImmutableSet$1                                 : loaded 2 times (x 212B)
Class com.google.common.cache.CacheBuilder$OneWeigher                                 : loaded 2 times (x 82B)
Class com.google.common.collect.RegularImmutableList                                  : loaded 2 times (x 212B)
Class org.gradle.internal.classloader.ClasspathUtil                                   : loaded 2 times (x 71B)
Class com.google.common.util.concurrent.Uninterruptibles                              : loaded 2 times (x 71B)
Class com.google.common.collect.Maps                                                  : loaded 2 times (x 71B)
Class org.gradle.api.specs.Spec                                                       : loaded 2 times (x 70B)
Class com.google.common.collect.MapMaker                                              : loaded 2 times (x 72B)
Class [Lcom.google.common.collect.ImmutableEntry;                                     : loaded 2 times (x 69B)
Class com.google.common.cache.LocalCache$LoadingValueReference                        : loaded 2 times (x 96B)
Class com.google.common.io.LineReader$1                                               : loaded 2 times (x 75B)
Class com.google.common.collect.CollectSpliterators                                   : loaded 2 times (x 71B)
Class com.google.common.collect.AbstractMapBasedMultimap$AsMap                        : loaded 2 times (x 128B)
Class com.google.common.collect.MapMakerInternalMap$StrongKeyDummyValueEntry          : loaded 2 times (x 82B)
Class com.google.common.base.Platform                                                 : loaded 2 times (x 71B)
Class com.google.common.collect.AbstractMapBasedMultimap$WrappedList                  : loaded 2 times (x 205B)
Class [Lorg.objectweb.asm.AnnotationWriter;                                           : loaded 2 times (x 69B)
Class com.google.common.collect.Maps$8                                                : loaded 2 times (x 82B)
Class [Lcom.google.common.collect.Iterators$EmptyModifiableIterator;                  : loaded 2 times (x 69B)
Class com.google.common.collect.ImmutableRangeSet$Builder                             : loaded 2 times (x 77B)
Class com.google.common.collect.Sets$SetView                                          : loaded 2 times (x 138B)
Class com.google.common.cache.LocalCache$StrongValueReference                         : loaded 2 times (x 90B)
Class com.google.common.graph.SuccessorsFunction                                      : loaded 2 times (x 70B)
Class org.objectweb.asm.Type                                                          : loaded 2 times (x 72B)
Class org.gradle.internal.classloader.VisitableURLClassLoader$InstrumentingVisitableURLClassLoader: loaded 2 times (x 123B)
Class com.google.common.collect.MapMakerInternalMap$StrongKeyDummyValueEntry$Helper   : loaded 2 times (x 79B)
Class com.google.common.io.Files$FileByteSink                                         : loaded 2 times (x 77B)
Class org.objectweb.asm.ByteVector                                                    : loaded 2 times (x 79B)
Class [Lcom.google.common.cache.CacheBuilder$NullListener;                            : loaded 2 times (x 69B)
Class com.google.common.math.IntMath$1                                                : loaded 2 times (x 71B)
Class org.gradle.internal.classloader.VisitableURLClassLoader$Spec                    : loaded 2 times (x 74B)
Class org.gradle.internal.classpath.DefaultClassPath                                  : loaded 2 times (x 90B)
Class org.objectweb.asm.Symbol                                                        : loaded 2 times (x 73B)
Class com.google.common.base.AbstractIterator                                         : loaded 2 times (x 80B)
Class com.google.common.io.Java8Compatibility                                         : loaded 2 times (x 71B)
Class com.google.common.io.Closer                                                     : loaded 2 times (x 78B)
Class com.google.common.collect.RegularImmutableMap$Values                            : loaded 2 times (x 207B)
Class com.google.common.collect.ImmutableSet                                          : loaded 2 times (x 145B)
Class com.google.common.base.CharMatcher$BitSetMatcher                                : loaded 2 times (x 112B)
Class org.gradle.internal.classloader.ClassLoaderSpec                                 : loaded 2 times (x 71B)
Class org.objectweb.asm.AnnotationWriter                                              : loaded 2 times (x 79B)
Class com.google.common.cache.CacheStats                                              : loaded 2 times (x 71B)
Class com.google.common.collect.ImmutableMultisetGwtSerializationDependencies         : loaded 2 times (x 125B)
Class com.google.common.collect.Interners                                             : loaded 2 times (x 71B)
Class com.google.common.io.LineProcessor                                              : loaded 2 times (x 70B)
Class com.google.common.io.Closer$Suppressor                                          : loaded 2 times (x 70B)
Class org.objectweb.asm.RecordComponentWriter                                         : loaded 2 times (x 78B)
Class com.google.common.util.concurrent.AbstractFuture$Listener                       : loaded 2 times (x 72B)
Class com.google.common.base.CharMatcher$Or                                           : loaded 2 times (x 112B)
Class Settings_gradle$1$1                                                             : loaded 2 times (x 75B)
Class org.objectweb.asm.Attribute                                                     : loaded 2 times (x 77B)
Class com.google.common.base.Supplier                                                 : loaded 2 times (x 70B)
Class org.gradle.internal.classloader.VisitableURLClassLoader                         : loaded 2 times (x 117B)
Class com.google.common.collect.ImmutableList$SerializedForm                          : loaded 2 times (x 73B)
Class Settings_gradle                                                                 : loaded 2 times (x 124B)
Class org.gradle.internal.Cast                                                        : loaded 2 times (x 71B)
Class org.gradle.api.Action                                                           : loaded 2 times (x 70B)
Class com.google.common.collect.MapMakerInternalMap                                   : loaded 2 times (x 161B)
Class com.google.common.base.Strings                                                  : loaded 2 times (x 71B)
Class com.google.common.collect.Sets                                                  : loaded 2 times (x 71B)
Class org.objectweb.asm.Handler                                                       : loaded 2 times (x 72B)
Class com.google.common.base.Ticker                                                   : loaded 2 times (x 72B)
Class com.google.common.base.CharMatcher$FastMatcher                                  : loaded 2 times (x 111B)
Class com.google.common.cache.RemovalCause$1                                          : loaded 2 times (x 80B)
Class [Lcom.google.common.cache.LocalCache$Segment;                                   : loaded 2 times (x 69B)
Class [Lcom.google.common.cache.LocalCache$Strength;                                  : loaded 2 times (x 69B)
Class com.google.common.cache.CacheBuilder$1                                          : loaded 2 times (x 85B)
Class com.google.common.collect.ImmutableMap                                          : loaded 2 times (x 120B)
Class com.google.common.base.Predicate                                                : loaded 2 times (x 70B)
Class org.gradle.internal.classpath.DefaultClassPath$ImmutableUniqueList$Builder      : loaded 2 times (x 75B)
Class com.google.common.cache.RemovalCause$2                                          : loaded 2 times (x 80B)
Class com.google.common.collect.MapMakerInternalMap$WeakValueReference                : loaded 2 times (x 70B)
Class com.google.common.collect.AbstractRangeSet                                      : loaded 2 times (x 114B)
Class com.google.common.cache.LocalCache                                              : loaded 2 times (x 187B)
Class com.google.common.cache.CacheBuilder$2                                          : loaded 2 times (x 72B)
Class com.google.common.base.CharMatcher$NegatedFastMatcher                           : loaded 2 times (x 113B)
Class com.google.common.cache.RemovalCause$3                                          : loaded 2 times (x 80B)
Class [Lcom.google.common.collect.AbstractMapEntry;                                   : loaded 2 times (x 69B)
Class com.google.common.collect.ImmutableEntry                                        : loaded 2 times (x 82B)
Class com.google.common.collect.ArrayListMultimap                                     : loaded 2 times (x 172B)
Class org.gradle.api.GradleException                                                  : loaded 2 times (x 82B)
Class com.google.common.cache.RemovalCause$4                                          : loaded 2 times (x 80B)
Class com.google.common.base.Suppliers$MemoizingSupplier                              : loaded 2 times (x 79B)
Class com.google.common.collect.CollectPreconditions                                  : loaded 2 times (x 71B)
Class com.google.common.cache.RemovalCause$5                                          : loaded 2 times (x 80B)
Class [Lcom.google.common.collect.MapMakerInternalMap$Strength;                       : loaded 2 times (x 69B)
Class [Lcom.google.common.io.FileWriteMode;                                           : loaded 2 times (x 69B)
Class com.google.common.collect.SortedMapDifference                                   : loaded 2 times (x 70B)
Class com.google.common.collect.Iterables$4                                           : loaded 2 times (x 81B)
Class com.google.common.collect.MapMakerInternalMap$StrongKeyDummyValueSegment        : loaded 2 times (x 142B)
Class com.google.common.cache.LocalCache$WriteThroughEntry                            : loaded 2 times (x 79B)
Class com.google.common.cache.LocalCache$HashIterator                                 : loaded 2 times (x 86B)
Class com.google.common.io.Files                                                      : loaded 2 times (x 71B)
Class com.google.common.cache.LocalCache$EntryFactory                                 : loaded 2 times (x 83B)
Class [Lcom.google.common.collect.MapMaker$Dummy;                                     : loaded 2 times (x 69B)
Class com.google.common.cache.LocalCache$AbstractReferenceEntry                       : loaded 2 times (x 107B)
Class com.google.common.base.CharMatcher$Whitespace                                   : loaded 2 times (x 112B)
Class org.gradle.internal.IoActions                                                   : loaded 2 times (x 71B)
Class com.google.common.collect.ImmutableMapKeySet                                    : loaded 2 times (x 150B)
Class com.google.common.collect.ImmutableRangeSet$ComplementRanges                    : loaded 2 times (x 207B)
Class org.objectweb.asm.SymbolTable                                                   : loaded 2 times (x 72B)
Class com.google.common.cache.CacheLoader$InvalidCacheLoadException                   : loaded 2 times (x 82B)
Class com.google.common.collect.ImmutableSet$RegularSetBuilderImpl                    : loaded 2 times (x 77B)
Class org.gradle.internal.classloader.SystemClassLoaderSpec                           : loaded 2 times (x 71B)
Class com.google.common.collect.FluentIterable                                        : loaded 2 times (x 81B)
Class com.google.common.cache.LocalCache$StrongEntry                                  : loaded 2 times (x 108B)
Class com.google.common.util.concurrent.AbstractFuture$TrustedFuture                  : loaded 2 times (x 114B)
Class com.google.common.cache.LoadingCache                                            : loaded 2 times (x 70B)
Class com.google.common.base.Suppliers$NonSerializableMemoizingSupplier               : loaded 2 times (x 79B)
Class org.objectweb.asm.MethodWriter                                                  : loaded 2 times (x 106B)
Class [Lcom.google.common.cache.Weigher;                                              : loaded 2 times (x 69B)
Class com.google.common.collect.RegularImmutableMap$BucketOverflowException           : loaded 2 times (x 82B)
Class com.google.common.collect.ImmutableMultimap$1                                   : loaded 2 times (x 82B)
Class com.google.common.collect.AbstractMapBasedMultimap$RandomAccessWrappedList      : loaded 2 times (x 205B)
Class com.google.common.collect.AbstractIterator$State                                : loaded 2 times (x 79B)
Class com.google.common.collect.ImmutableMultimap$2                                   : loaded 2 times (x 81B)
Class com.google.common.collect.RegularImmutableBiMap                                 : loaded 2 times (x 148B)
Class com.google.common.cache.LocalCache$ValueReference                               : loaded 2 times (x 70B)
Class com.google.common.base.CharMatcher$Negated                                      : loaded 2 times (x 113B)
Class com.google.common.base.CharMatcher$Is                                           : loaded 2 times (x 111B)
Class com.google.common.base.PatternCompiler                                          : loaded 2 times (x 70B)
Class com.google.common.util.concurrent.AbstractFuture$Failure                        : loaded 2 times (x 72B)
Class com.google.common.base.Equivalence$Equals                                       : loaded 2 times (x 82B)
Class com.google.common.collect.Hashing                                               : loaded 2 times (x 71B)
Class com.google.common.base.Preconditions                                            : loaded 2 times (x 71B)
Class com.google.common.io.CharSink                                                   : loaded 2 times (x 79B)
Class com.google.common.base.Joiner$1                                                 : loaded 2 times (x 80B)
Class org.objectweb.asm.Label                                                         : loaded 2 times (x 73B)
Class org.objectweb.asm.CurrentFrame                                                  : loaded 2 times (x 73B)
Class org.objectweb.asm.ClassTooLargeException                                        : loaded 2 times (x 83B)
Class com.google.common.collect.PeekingIterator                                       : loaded 2 times (x 70B)
Class com.google.common.base.CharMatcher                                              : loaded 2 times (x 111B)
Class com.google.common.collect.MapMakerInternalMap$InternalEntryHelper               : loaded 2 times (x 70B)
Class com.google.common.collect.Maps$IteratorBasedAbstractMap                         : loaded 2 times (x 125B)
Class com.google.common.collect.Table                                                 : loaded 2 times (x 70B)
Class com.google.common.collect.RangeGwtSerializationDependencies                     : loaded 2 times (x 71B)
Class com.google.common.base.Joiner$2                                                 : loaded 2 times (x 79B)
Class org.objectweb.asm.Frame                                                         : loaded 2 times (x 73B)
Class org.objectweb.asm.MethodVisitor                                                 : loaded 2 times (x 105B)
Class com.google.common.cache.LocalCache$EntryFactory$1                               : loaded 2 times (x 83B)
Class [Lcom.google.common.cache.RemovalListener;                                      : loaded 2 times (x 69B)
Class com.google.common.base.CharMatcher$1                                            : loaded 2 times (x 113B)
Class com.google.common.base.CharMatcher$NamedFastMatcher                             : loaded 2 times (x 112B)
Class com.google.common.collect.RangeSet                                              : loaded 2 times (x 70B)
Class com.google.common.cache.LocalCache$EntryFactory$2                               : loaded 2 times (x 83B)
Class org.gradle.api.internal.classpath.GlobalCacheRootsProvider                      : loaded 2 times (x 70B)
Class com.google.common.collect.CollectCollectors                                     : loaded 2 times (x 71B)
Class org.objectweb.asm.ModuleWriter                                                  : loaded 2 times (x 82B)
Class com.google.common.cache.LocalCache$EntryFactory$3                               : loaded 2 times (x 83B)
Class com.google.common.base.Ticker$1                                                 : loaded 2 times (x 72B)
Class com.google.common.collect.ImmutableMapEntrySet$RegularEntrySet                  : loaded 2 times (x 151B)
Class com.google.common.collect.Maps$BiMapConverter                                   : loaded 2 times (x 90B)
Class com.google.common.collect.CollectSpliterators$1                                 : loaded 2 times (x 90B)
Class com.google.common.cache.LocalCache$EntryFactory$4                               : loaded 2 times (x 83B)
Class com.google.common.collect.ImmutableSet$Builder                                  : loaded 2 times (x 85B)
Class com.google.common.base.CharMatcher$InRange                                      : loaded 2 times (x 111B)
Class Settings_gradle$1$1$1                                                           : loaded 2 times (x 75B)
Class com.google.common.cache.LocalCache$EntryFactory$5                               : loaded 2 times (x 83B)
Class com.google.common.io.LineReader                                                 : loaded 2 times (x 72B)
Class com.google.common.cache.LocalCache$EntryFactory$6                               : loaded 2 times (x 83B)
Class org.gradle.internal.installation.CurrentGradleInstallationLocator               : loaded 2 times (x 71B)
Class com.google.common.collect.ImmutableMultimap$Builder                             : loaded 2 times (x 83B)
Class com.google.common.collect.Maps$KeySet                                           : loaded 2 times (x 137B)
Class com.google.common.cache.LocalCache$EntryFactory$7                               : loaded 2 times (x 83B)
Class com.google.common.collect.ImmutableSet$EmptySetBuilderImpl                      : loaded 2 times (x 76B)
Class com.google.common.collect.ImmutableList                                         : loaded 2 times (x 206B)
Class org.gradle.internal.service.DefaultServiceLocator                               : loaded 2 times (x 83B)
Class ijJvmDebugger1_783tm9rr86gere1tw903026mz$_run_closure1                          : loaded 2 times (x 139B)
Class com.google.common.cache.LocalCache$SoftValueReference                           : loaded 2 times (x 97B)
Class com.google.common.collect.ImmutableMultimap$EntryCollection                     : loaded 2 times (x 127B)
Class com.google.common.collect.Maps$EntrySet                                         : loaded 2 times (x 136B)
Class com.google.common.cache.LocalCache$EntryFactory$8                               : loaded 2 times (x 83B)
Class com.google.common.collect.ImmutableSet$SetBuilderImpl                           : loaded 2 times (x 76B)
Class org.gradle.internal.installation.CurrentGradleInstallation                      : loaded 2 times (x 73B)
Class com.google.common.collect.ForwardingObject                                      : loaded 2 times (x 72B)
Class com.google.common.cache.CacheLoader$1                                           : loaded 2 times (x 75B)
Class com.google.common.collect.ImmutableList$SubList                                 : loaded 2 times (x 208B)
Class org.gradle.util.internal.GUtil                                                  : loaded 2 times (x 71B)
Class com.google.common.io.ByteSource                                                 : loaded 2 times (x 84B)
Class com.google.common.cache.AbstractCache$StatsCounter                              : loaded 2 times (x 70B)
Class com.google.common.io.LineBuffer                                                 : loaded 2 times (x 75B)
Class com.google.common.collect.MapMakerInternalMap$1                                 : loaded 2 times (x 83B)
Class com.google.common.collect.Iterators$MergingIterator                             : loaded 2 times (x 81B)
Class com.google.common.collect.RegularImmutableSet                                   : loaded 2 times (x 148B)
Class org.gradle.internal.installation.GradleInstallation                             : loaded 2 times (x 75B)
Class ijKotlinCoroutineJvmDebugInit1_969wpauptkt65mcxwmlv5o99t$_run_closure1$_closure2: loaded 2 times (x 139B)
Class com.google.common.collect.Iterables                                             : loaded 2 times (x 71B)
Class com.google.common.base.Splitter$Strategy                                        : loaded 2 times (x 70B)

---------------  S Y S T E M  ---------------

OS:
 Windows 10 , 64 bit Build 19041 (10.0.19041.2913)
OS uptime: 17 days 19:58 hours
Hyper-V role detected

CPU: total 16 (initial active 16) (16 cores per cpu, 2 threads per core) family 25 model 80 stepping 0 microcode 0x0, cx8, cmov, fxsr, ht, mmx, 3dnowpref, sse, sse2, sse3, ssse3, sse4a, sse4.1, sse4.2, popcnt, lzcnt, tsc, tscinvbit, avx, avx2, aes, erms, clmul, bmi1, bmi2, adx, sha, fma, vzeroupper, clflush, clflushopt, hv, rdtscp, rdpid, fsrm, f16c, cet_ss
Processor Information for the first 16 processors :
  Max Mhz: 3801, Current Mhz: 3801, Mhz Limit: 3801

Memory: 4k page, system-wide physical 16173M (1553M free)
TotalPageFile size 25234M (AvailPageFile size 3M)
current process WorkingSet (physical memory assigned to process): 788M, peak: 1118M
current process commit charge ("private bytes"): 922M, peak: 1180M

vm_info: OpenJDK 64-Bit Server VM (21.0.9+-14787801-b1163.94) for windows-amd64 JRE (21.0.9+-14787801-b1163.94), built on 2026-01-27T21:15:44Z by "builder" with MS VC++ 16.10 / 16.11 (VS2019)

END.
